,Unnamed: 0,fl_date,mkt_unique_carrier,branded_code_share,mkt_carrier,mkt_carrier_fl_num,op_unique_carrier,tail_num,op_carrier_fl_num,origin_airport_id,origin,origin_city_name,dest_airport_id,dest,dest_city_name,crs_dep_time,dep_time,dep_delay,taxi_out,wheels_off,wheels_on,taxi_in,crs_arr_time,arr_time,arr_delay,cancelled,cancellation_code,diverted,dup,crs_elapsed_time,actual_elapsed_time,air_time,flights,distance,carrier_delay,weather_delay,nas_delay,security_delay,late_aircraft_delay,first_dep_time,total_add_gtime,longest_add_gtime,no_name,city,LATITUDE,LONGITUDE,weather
0,0,1545782400,WN,WN,WN,5257,WN,N8656B,5257,10792,BUF,"Buffalo, NY",13232,MDW,"Chicago, IL",1750,1749.0,-1.0,18.0,1807.0,1834.0,5.0,1840,1839.0,-1.0,0,,0,N,110.0,110.0,87.0,1,468,,,,,,,,,,Buffalo,42.94052,-78.73217,cloudy
1,1,1514851200,DL,DL_CODESHARE,DL,3394,9E,N325PQ,3394,10792,BUF,"Buffalo, NY",12478,JFK,"New York, NY",1339,1403.0,24.0,36.0,1439.0,1533.0,8.0,1515,1541.0,26.0,0,,0,N,96.0,98.0,54.0,1,301,0.0,18.0,2.0,0.0,6.0,,,,,Buffalo,42.94052,-78.73217,cloudy
2,2,1514851200,DL,DL_CODESHARE,DL,3502,9E,N906XJ,3502,10792,BUF,"Buffalo, NY",12953,LGA,"New York, NY",1159,1628.0,269.0,60.0,1728.0,1817.0,7.0,1324,1824.0,300.0,0,,0,N,85.0,116.0,49.0,1,292,0.0,269.0,31.0,0.0,0.0,,,,,Buffalo,42.94052,-78.73217,cloudy
3,3,1548806400,WN,WN,WN,327,WN,,327,10792,BUF,"Buffalo, NY",10821,BWI,"Baltimore, MD",525,,,,,,,645,,,1,B,0,N,80.0,,,1,281,,,,,,,,,,Buffalo,42.94052,-78.73217,snow
5,5,1546473600,UA,UA_CODESHARE,UA,4882,C5,N14186,4882,10792,BUF,"Buffalo, NY",11618,EWR,"Newark, NJ",600,552.0,-8.0,35.0,627.0,717.0,10.0,738,727.0,-11.0,0,,0,N,98.0,95.0,50.0,1,282,,,,,,,,,,Buffalo,42.94052,-78.73217,cloudy
7,7,1545523200,WN,WN,WN,3308,WN,N262WN,3308,10792,BUF,"Buffalo, NY",13204,MCO,"Orlando, FL",1220,1312.0,52.0,7.0,1319.0,1542.0,4.0,1500,1546.0,46.0,0,,0,N,160.0,154.0,143.0,1,1011,7.0,0.0,0.0,0.0,39.0,,,,,Buffalo,42.94052,-78.73217,cloudy
8,8,1575244800,DL,DL_CODESHARE,DL,5173,9E,N320PQ,5173,10792,BUF,"Buffalo, NY",10721,BOS,"Boston, MA",602,617.0,15.0,91.0,748.0,900.0,10.0,736,910.0,94.0,0,,0,N,94.0,173.0,72.0,1,395,0.0,15.0,79.0,0.0,0.0,,,,,Buffalo,42.94052,-78.73217,cloudy
9,9,1545436800,UA,UA_CODESHARE,UA,4883,C5,N11181,4883,10792,BUF,"Buffalo, NY",11618,EWR,"Newark, NJ",935,929.0,-6.0,23.0,952.0,1042.0,11.0,1110,1053.0,-17.0,0,,0,N,95.0,84.0,50.0,1,282,,,,,,,,,,Buffalo,42.94052,-78.73217,cloudy
11,11,1546732800,DL,DL_CODESHARE,DL,5540,9E,N308PQ,5540,10792,BUF,"Buffalo, NY",10721,BOS,"Boston, MA",1155,1142.0,-13.0,10.0,1152.0,1249.0,4.0,1341,1253.0,-48.0,0,,0,N,106.0,71.0,57.0,1,395,,,,,,,,,,Buffalo,42.94052,-78.73217,cloudy
12,12,1517961600,B6,B6,B6,2001,B6,N316JB,2001,10792,BUF,"Buffalo, NY",12478,JFK,"New York, NY",532,524.0,-8.0,28.0,552.0,646.0,5.0,700,651.0,-9.0,0,,0,N,88.0,87.0,54.0,1,301,,,,,,,,,,Buffalo,42.94052,-78.73217,cloudy
14,14,1550016000,WN,WN,WN,214,WN,N281WN,214,10792,BUF,"Buffalo, NY",10821,BWI,"Baltimore, MD",1840,,,,,,,2000,,,1,B,0,N,80.0,,,1,281,,,,,,,,,,Buffalo,42.94052,-78.73217,cloudy
15,15,1551225600,B6,B6,B6,2101,B6,N228JB,2101,10792,BUF,"Buffalo, NY",12478,JFK,"New York, NY",801,751.0,-10.0,19.0,810.0,904.0,4.0,926,908.0,-18.0,0,,0,N,85.0,77.0,54.0,1,301,,,,,,,,,,Buffalo,42.94052,-78.73217,cloudy
17,17,1515801600,AA,AA_CODESHARE,AA,3365,MQ,N532EA,3365,10792,BUF,"Buffalo, NY",13930,ORD,"Chicago, IL",1149,1157.0,8.0,10.0,1207.0,1221.0,8.0,1245,1229.0,-16.0,0,,0,N,116.0,92.0,74.0,1,474,,,,,,,,,,Buffalo,42.94052,-78.73217,snow
18,18,1549670400,WN,WN,WN,5588,WN,N783SW,5588,10792,BUF,"Buffalo, NY",11697,FLL,"Fort Lauderdale, FL",725,728.0,3.0,14.0,742.0,1027.0,3.0,1035,1030.0,-5.0,0,,0,N,190.0,182.0,165.0,1,1166,,,,,,,,,,Buffalo,42.94052,-78.73217,cloudy
20,20,1575936000,B6,B6,B6,1216,B6,N294JB,1216,10792,BUF,"Buffalo, NY",10721,BOS,"Boston, MA",1639,1707.0,28.0,25.0,1732.0,1826.0,5.0,1805,1831.0,26.0,0,,0,N,86.0,84.0,54.0,1,395,26.0,0.0,0.0,0.0,0.0,,,,,Buffalo,42.94052,-78.73217,rain
21,21,1550188800,WN,WN,WN,396,WN,N8714Q,396,10792,BUF,"Buffalo, NY",15304,TPA,"Tampa, FL",1800,1759.0,-1.0,26.0,1825.0,2043.0,5.0,2045,2048.0,3.0,0,,0,N,165.0,169.0,138.0,1,1053,,,,,,,,,,Buffalo,42.94052,-78.73217,cloudy
22,22,1516579200,AA,AA_CODESHARE,AA,4629,YX,N107HQ,4629,10792,BUF,"Buffalo, NY",11278,DCA,"Washington, DC",930,922.0,-8.0,14.0,936.0,1030.0,5.0,1100,1035.0,-25.0,0,,0,N,90.0,73.0,54.0,1,296,,,,,,,,,,Buffalo,42.94052,-78.73217,cloudy
24,24,1515888000,DL,DL_CODESHARE,DL,3808,9E,N917XJ,3808,10792,BUF,"Buffalo, NY",12478,JFK,"New York, NY",543,541.0,-2.0,28.0,609.0,707.0,7.0,725,714.0,-11.0,0,,0,N,102.0,93.0,58.0,1,301,,,,,,,,,,Buffalo,42.94052,-78.73217,cloudy
25,25,1549238400,DL,DL_CODESHARE,DL,5121,9E,N293PQ,5121,10792,BUF,"Buffalo, NY",11433,DTW,"Detroit, MI",950,940.0,-10.0,19.0,959.0,1043.0,5.0,1121,1048.0,-33.0,0,,0,N,91.0,68.0,44.0,1,241,,,,,,,,,,Buffalo,42.94052,-78.73217,cloudy
27,27,1543881600,WN,WN,WN,1008,WN,N273WN,1008,10792,BUF,"Buffalo, NY",13232,MDW,"Chicago, IL",1715,1706.0,-9.0,11.0,1717.0,1735.0,4.0,1800,1739.0,-21.0,0,,0,N,105.0,93.0,78.0,1,468,,,,,,,,,,Buffalo,42.94052,-78.73217,snow
29,29,1517443200,WN,WN,WN,1860,WN,N285WN,1860,10792,BUF,"Buffalo, NY",11697,FLL,"Fort Lauderdale, FL",1545,1536.0,-9.0,11.0,1547.0,1836.0,12.0,1850,1848.0,-2.0,0,,0,N,185.0,192.0,169.0,1,1166,,,,,,,,,,Buffalo,42.94052,-78.73217,cloudy
31,31,1519084800,DL,DL_CODESHARE,DL,3468,9E,N296PQ,3468,10792,BUF,"Buffalo, NY",12953,LGA,"New York, NY",1026,1021.0,-5.0,14.0,1035.0,1123.0,10.0,1157,1133.0,-24.0,0,,0,N,91.0,72.0,48.0,1,292,,,,,,,,,,Buffalo,42.94052,-78.73217,rain
32,32,1544054400,F9,F9,F9,1725,F9,N711FR,1725,10792,BUF,"Buffalo, NY",13204,MCO,"Orlando, FL",1720,1813.0,53.0,42.0,1855.0,2106.0,13.0,2007,2119.0,72.0,0,,0,N,167.0,186.0,131.0,1,1011,0.0,0.0,21.0,0.0,51.0,,,,,Buffalo,42.94052,-78.73217,cloudy
33,33,1544313600,B6,B6,B6,816,B6,N279JB,816,10792,BUF,"Buffalo, NY",10721,BOS,"Boston, MA",926,919.0,-7.0,12.0,931.0,1030.0,4.0,1040,1034.0,-6.0,0,,0,N,74.0,75.0,59.0,1,395,,,,,,,,,,Buffalo,42.94052,-78.73217,cloudy
34,34,1549756800,AA,AA_CODESHARE,AA,4499,YX,N415YX,4499,10792,BUF,"Buffalo, NY",11278,DCA,"Washington, DC",1736,1745.0,9.0,15.0,1800.0,1853.0,6.0,1900,1859.0,-1.0,0,,0,N,84.0,74.0,53.0,1,296,,,,,,,,,,Buffalo,42.94052,-78.73217,cloudy
36,36,1576713600,AA,AA_CODESHARE,AA,3914,MQ,N225NN,3914,10792,BUF,"Buffalo, NY",11298,DFW,"Dallas/Fort Worth, TX",630,632.0,2.0,26.0,658.0,849.0,19.0,926,908.0,-18.0,0,,0,N,236.0,216.0,171.0,1,1212,,,,,,,,,,Buffalo,42.94052,-78.73217,cloudy
37,37,1516752000,AA,AA,AA,1942,AA,N717UW,1942,10792,BUF,"Buffalo, NY",11057,CLT,"Charlotte, NC",1149,1141.0,-8.0,28.0,1209.0,1340.0,13.0,1346,1353.0,7.0,0,,0,N,117.0,132.0,91.0,1,546,,,,,,,,,,Buffalo,42.94052,-78.73217,cloudy
40,40,1548720000,AA,AA_CODESHARE,AA,4483,YX,N104HQ,4483,10792,BUF,"Buffalo, NY",14100,PHL,"Philadelphia, PA",554,549.0,-5.0,24.0,613.0,715.0,7.0,724,722.0,-2.0,0,,0,N,90.0,93.0,62.0,1,279,,,,,,,,,,Buffalo,42.94052,-78.73217,cloudy
41,41,1550966400,UA,UA_CODESHARE,UA,4339,EV,N12540,4339,10792,BUF,"Buffalo, NY",11618,EWR,"Newark, NJ",1800,,,,,,,1935,,,1,B,0,N,95.0,,,1,282,,,,,,,,,,Buffalo,42.94052,-78.73217,cloudy
42,42,1544659200,AA,AA,AA,1753,AA,N733UW,1753,10792,BUF,"Buffalo, NY",11057,CLT,"Charlotte, NC",1927,1916.0,-11.0,10.0,1926.0,2055.0,4.0,2124,2059.0,-25.0,0,,0,N,117.0,103.0,89.0,1,546,,,,,,,,,,Buffalo,42.94052,-78.73217,cloudy
45,45,1515628800,UA,UA_CODESHARE,UA,6020,YV,N521LR,6020,10792,BUF,"Buffalo, NY",12264,IAD,"Washington, DC",1435,1434.0,-1.0,14.0,1448.0,1538.0,5.0,1550,1543.0,-7.0,0,,0,N,75.0,69.0,50.0,1,283,,,,,,,,,,Buffalo,42.94052,-78.73217,rain
46,46,1548892800,AA,AA_CODESHARE,AA,3355,MQ,N241NN,3355,10792,BUF,"Buffalo, NY",13930,ORD,"Chicago, IL",1809,,,,,,,1919,,,1,B,0,N,130.0,,,1,473,,,,,,,,,,Buffalo,42.94052,-78.73217,snow
49,49,1575244800,WN,WN,WN,695,WN,N8697C,695,10792,BUF,"Buffalo, NY",14107,PHX,"Phoenix, AZ",1650,1705.0,15.0,9.0,1714.0,1942.0,14.0,1955,1956.0,1.0,0,,0,N,305.0,291.0,268.0,1,1912,,,,,,,,,,Buffalo,42.94052,-78.73217,cloudy
50,50,1575504000,DL,DL,DL,1266,DL,N931DN,1266,10792,BUF,"Buffalo, NY",10397,ATL,"Atlanta, GA",553,655.0,62.0,27.0,722.0,854.0,7.0,820,901.0,41.0,0,,0,N,147.0,126.0,92.0,1,712,41.0,0.0,0.0,0.0,0.0,,,,,Buffalo,42.94052,-78.73217,cloudy
51,51,1515110400,B6,B6,B6,1616,B6,N353JB,1616,10792,BUF,"Buffalo, NY",10721,BOS,"Boston, MA",1842,1936.0,54.0,12.0,1948.0,2048.0,19.0,2006,2107.0,61.0,0,,0,N,84.0,91.0,60.0,1,395,26.0,0.0,7.0,0.0,28.0,,,,,Buffalo,42.94052,-78.73217,cloudy
54,54,1549584000,AA,AA_CODESHARE,AA,4631,YX,N428YX,4631,10792,BUF,"Buffalo, NY",11278,DCA,"Washington, DC",620,613.0,-7.0,13.0,626.0,727.0,14.0,748,741.0,-7.0,0,,0,N,88.0,88.0,61.0,1,296,,,,,,,,,,Buffalo,42.94052,-78.73217,rain
55,55,1548547200,AA,AA_CODESHARE,AA,4499,YX,N108HQ,4499,10792,BUF,"Buffalo, NY",11278,DCA,"Washington, DC",1736,1732.0,-4.0,21.0,1753.0,1850.0,6.0,1900,1856.0,-4.0,0,,0,N,84.0,84.0,57.0,1,296,,,,,,,,,,Buffalo,42.94052,-78.73217,cloudy
56,56,1545350400,UA,UA_CODESHARE,UA,4938,C5,N13161,4938,10792,BUF,"Buffalo, NY",11618,EWR,"Newark, NJ",1600,2100.0,300.0,19.0,2119.0,2217.0,13.0,1729,2230.0,301.0,0,,0,N,89.0,90.0,58.0,1,282,0.0,0.0,301.0,0.0,0.0,,,,,Buffalo,42.94052,-78.73217,cloudy
57,57,1550707200,AA,AA,AA,1923,AA,N725UW,1923,10792,BUF,"Buffalo, NY",11057,CLT,"Charlotte, NC",1930,1932.0,2.0,10.0,1942.0,2127.0,12.0,2130,2139.0,9.0,0,,0,N,120.0,127.0,105.0,1,546,,,,,,,,,,Buffalo,42.94052,-78.73217,cloudy
60,60,1545782400,AA,AA_CODESHARE,AA,4955,PT,N669MB,4955,10792,BUF,"Buffalo, NY",14100,PHL,"Philadelphia, PA",1837,1837.0,0.0,16.0,1853.0,1948.0,11.0,2010,1959.0,-11.0,0,,0,N,93.0,82.0,55.0,1,279,,,,,,,,,,Buffalo,42.94052,-78.73217,cloudy
61,61,1518048000,DL,DL_CODESHARE,DL,3710,9E,N916XJ,3710,10792,BUF,"Buffalo, NY",12478,JFK,"New York, NY",1843,1845.0,2.0,46.0,1931.0,2034.0,14.0,2026,2048.0,22.0,0,,0,N,103.0,123.0,63.0,1,301,0.0,0.0,22.0,0.0,0.0,,,,,Buffalo,42.94052,-78.73217,cloudy
62,62,1518393600,DL,DL_CODESHARE,DL,3482,9E,N8936A,3482,10792,BUF,"Buffalo, NY",12953,LGA,"New York, NY",620,,,,,,,758,,,1,C,0,N,98.0,,,1,292,,,,,,,,,,Buffalo,42.94052,-78.73217,snow
63,63,1516147200,DL,DL_CODESHARE,DL,3808,9E,N297PQ,3808,10792,BUF,"Buffalo, NY",12478,JFK,"New York, NY",543,539.0,-4.0,37.0,616.0,716.0,6.0,725,722.0,-3.0,0,,0,N,102.0,103.0,60.0,1,301,,,,,,,,,,Buffalo,42.94052,-78.73217,snow
66,66,1515369600,DL,DL,DL,1176,DL,N985DL,1176,10792,BUF,"Buffalo, NY",10397,ATL,"Atlanta, GA",1859,1853.0,-6.0,12.0,1905.0,2057.0,8.0,2128,2105.0,-23.0,0,,0,N,149.0,132.0,112.0,1,712,,,,,,,,,,Buffalo,42.94052,-78.73217,cloudy
67,67,1515024000,WN,WN,WN,1677,WN,N8302F,1677,10792,BUF,"Buffalo, NY",11697,FLL,"Fort Lauderdale, FL",505,507.0,2.0,12.0,519.0,753.0,6.0,825,759.0,-26.0,0,,0,N,200.0,172.0,154.0,1,1166,,,,,,,,,,Buffalo,42.94052,-78.73217,cloudy
68,68,1517529600,F9,F9,F9,1725,F9,N206FR,1725,10792,BUF,"Buffalo, NY",13204,MCO,"Orlando, FL",1317,1900.0,343.0,13.0,1913.0,2122.0,12.0,1607,2134.0,327.0,0,,0,N,170.0,154.0,129.0,1,1011,0.0,0.0,0.0,0.0,327.0,,,,,Buffalo,42.94052,-78.73217,cloudy
69,69,1516060800,WN,WN,WN,925,WN,N270WN,925,10792,BUF,"Buffalo, NY",12889,LAS,"Las Vegas, NV",1255,1301.0,6.0,9.0,1310.0,1414.0,21.0,1500,1435.0,-25.0,0,,0,N,305.0,274.0,244.0,1,1986,,,,,,,,,,Buffalo,42.94052,-78.73217,snow
70,70,1516665600,DL,DL,DL,1266,DL,N960DL,1266,10792,BUF,"Buffalo, NY",10397,ATL,"Atlanta, GA",600,558.0,-2.0,10.0,608.0,808.0,4.0,825,812.0,-13.0,0,,0,N,145.0,134.0,120.0,1,712,,,,,,,,,,Buffalo,42.94052,-78.73217,cloudy
72,72,1544140800,AA,AA_CODESHARE,AA,4455,YX,N405YX,4455,10792,BUF,"Buffalo, NY",11278,DCA,"Washington, DC",1719,1710.0,-9.0,16.0,1726.0,1818.0,5.0,1838,1823.0,-15.0,0,,0,N,79.0,73.0,52.0,1,296,,,,,,,,,,Buffalo,42.94052,-78.73217,cloudy
82,82,1515456000,UA,UA_CODESHARE,UA,4117,EV,N27190,4117,10792,BUF,"Buffalo, NY",11618,EWR,"Newark, NJ",1853,2014.0,81.0,54.0,2108.0,2204.0,16.0,2024,2220.0,116.0,0,,0,N,91.0,126.0,56.0,1,282,35.0,0.0,76.0,0.0,5.0,,,,,Buffalo,42.94052,-78.73217,cloudy
83,83,1544054400,AA,AA,AA,1753,AA,N715UW,1753,10792,BUF,"Buffalo, NY",11057,CLT,"Charlotte, NC",1927,1956.0,29.0,16.0,2012.0,2138.0,5.0,2124,2143.0,19.0,0,,0,N,117.0,107.0,86.0,1,546,0.0,0.0,0.0,0.0,19.0,,,,,Buffalo,42.94052,-78.73217,cloudy
84,84,1546560000,AA,AA_CODESHARE,AA,5002,PT,N636AE,5002,10792,BUF,"Buffalo, NY",14100,PHL,"Philadelphia, PA",1646,1634.0,-12.0,16.0,1650.0,1746.0,7.0,1822,1753.0,-29.0,0,,0,N,96.0,79.0,56.0,1,279,,,,,,,,,,Buffalo,42.94052,-78.73217,cloudy
86,86,1517961600,DL,DL_CODESHARE,DL,5868,YX,N211JQ,5868,10792,BUF,"Buffalo, NY",12953,LGA,"New York, NY",1558,1644.0,46.0,98.0,1822.0,1913.0,7.0,1730,1920.0,110.0,0,,0,N,92.0,156.0,51.0,1,292,0.0,0.0,80.0,0.0,30.0,,,,,Buffalo,42.94052,-78.73217,cloudy
88,88,1514851200,DL,DL,DL,1683,DL,N366NB,1683,10792,BUF,"Buffalo, NY",11433,DTW,"Detroit, MI",613,612.0,-1.0,35.0,647.0,734.0,8.0,742,742.0,0.0,0,,0,N,89.0,90.0,47.0,1,241,,,,,,,,,,Buffalo,42.94052,-78.73217,cloudy
89,89,1515801600,DL,DL,DL,1159,DL,N946DL,1159,10792,BUF,"Buffalo, NY",10397,ATL,"Atlanta, GA",1540,1539.0,-1.0,12.0,1551.0,1749.0,6.0,1809,1755.0,-14.0,0,,0,N,149.0,136.0,118.0,1,712,,,,,,,,,,Buffalo,42.94052,-78.73217,snow
91,91,1575417600,AA,AA_CODESHARE,AA,4879,PT,N648AE,4879,10792,BUF,"Buffalo, NY",14100,PHL,"Philadelphia, PA",1527,1519.0,-8.0,36.0,1555.0,1652.0,6.0,1654,1658.0,4.0,0,,0,N,87.0,99.0,57.0,1,279,,,,,,,,,,Buffalo,42.94052,-78.73217,snow
92,92,1546128000,B6,B6,B6,85,B6,N662JB,85,10792,BUF,"Buffalo, NY",13204,MCO,"Orlando, FL",1643,1637.0,-6.0,9.0,1646.0,1901.0,9.0,1933,1910.0,-23.0,0,,0,N,170.0,153.0,135.0,1,1011,,,,,,,,,,Buffalo,42.94052,-78.73217,cloudy
93,93,1551312000,AA,AA_CODESHARE,AA,3426,MQ,N244NN,3426,10792,BUF,"Buffalo, NY",13930,ORD,"Chicago, IL",750,736.0,-14.0,23.0,759.0,823.0,16.0,905,839.0,-26.0,0,,0,N,135.0,123.0,84.0,1,473,,,,,,,,,,Buffalo,42.94052,-78.73217,snow
95,95,1546387200,WN,WN,WN,6821,WN,N467WN,6821,10792,BUF,"Buffalo, NY",13232,MDW,"Chicago, IL",1435,1521.0,46.0,21.0,1542.0,1607.0,5.0,1520,1612.0,52.0,0,,0,N,105.0,111.0,85.0,1,468,4.0,0.0,6.0,0.0,42.0,,,,,Buffalo,42.94052,-78.73217,cloudy
96,96,1517270400,DL,DL,DL,1176,DL,N978DL,1176,10792,BUF,"Buffalo, NY",10397,ATL,"Atlanta, GA",1859,1847.0,-12.0,11.0,1858.0,2028.0,4.0,2128,2032.0,-56.0,0,,0,N,149.0,105.0,90.0,1,712,,,,,,,,,,Buffalo,42.94052,-78.73217,cloudy
98,98,1546128000,WN,WN,WN,5178,WN,N7842A,5178,10792,BUF,"Buffalo, NY",10821,BWI,"Baltimore, MD",1335,1336.0,1.0,9.0,1345.0,1429.0,3.0,1445,1432.0,-13.0,0,,0,N,70.0,56.0,44.0,1,281,,,,,,,,,,Buffalo,42.94052,-78.73217,cloudy
101,101,1546300800,WN,WN,WN,452,WN,N7735A,452,10792,BUF,"Buffalo, NY",13232,MDW,"Chicago, IL",1730,1743.0,13.0,22.0,1805.0,1840.0,21.0,1815,1901.0,46.0,0,,0,N,105.0,138.0,95.0,1,468,13.0,0.0,33.0,0.0,0.0,,,,,Buffalo,42.94052,-78.73217,rain
104,104,1516924800,WN,WN,WN,785,WN,N276WN,785,10792,BUF,"Buffalo, NY",11697,FLL,"Fort Lauderdale, FL",520,516.0,-4.0,15.0,531.0,802.0,2.0,830,804.0,-26.0,0,,0,N,190.0,168.0,151.0,1,1166,,,,,,,,,,Buffalo,42.94052,-78.73217,cloudy
105,105,1517788800,WN,WN,WN,785,WN,N7732A,785,10792,BUF,"Buffalo, NY",11697,FLL,"Fort Lauderdale, FL",520,517.0,-3.0,34.0,551.0,837.0,5.0,830,842.0,12.0,0,,0,N,190.0,205.0,166.0,1,1166,,,,,,,,,,Buffalo,42.94052,-78.73217,snow
106,106,1549756800,F9,F9,F9,1041,F9,N722FR,1041,10792,BUF,"Buffalo, NY",13204,MCO,"Orlando, FL",1722,1719.0,-3.0,20.0,1739.0,1949.0,31.0,2022,2020.0,-2.0,0,,0,N,180.0,181.0,130.0,1,1011,,,,,,,,,,Buffalo,42.94052,-78.73217,cloudy
107,107,1548547200,UA,UA_CODESHARE,UA,4932,C5,N12157,4932,10792,BUF,"Buffalo, NY",11618,EWR,"Newark, NJ",2005,2130.0,85.0,12.0,2142.0,2230.0,6.0,2139,2236.0,57.0,0,,0,N,94.0,66.0,48.0,1,282,0.0,0.0,0.0,0.0,57.0,,,,,Buffalo,42.94052,-78.73217,cloudy
108,108,1519084800,WN,WN,WN,940,WN,N938WN,940,10792,BUF,"Buffalo, NY",10821,BWI,"Baltimore, MD",1235,1230.0,-5.0,7.0,1237.0,1326.0,13.0,1345,1339.0,-6.0,0,,0,N,70.0,69.0,49.0,1,281,,,,,,,,,,Buffalo,42.94052,-78.73217,rain
109,109,1543881600,AA,AA_CODESHARE,AA,4565,YX,N425YX,4565,10792,BUF,"Buffalo, NY",14100,PHL,"Philadelphia, PA",1035,1022.0,-13.0,12.0,1034.0,1124.0,5.0,1154,1129.0,-25.0,0,,0,N,79.0,67.0,50.0,1,279,,,,,,,,,,Buffalo,42.94052,-78.73217,snow
112,112,1515369600,WN,WN,WN,1879,WN,N8328A,1879,10792,BUF,"Buffalo, NY",13232,MDW,"Chicago, IL",1715,1726.0,11.0,20.0,1746.0,1808.0,4.0,1800,1812.0,12.0,0,,0,N,105.0,106.0,82.0,1,468,,,,,,,,,,Buffalo,42.94052,-78.73217,cloudy
117,117,1548806400,B6,B6,B6,816,B6,N273JB,816,10792,BUF,"Buffalo, NY",10721,BOS,"Boston, MA",1016,,,,,,,1142,,,1,B,0,N,86.0,,,1,395,,,,,,,,,,Buffalo,42.94052,-78.73217,snow
120,120,1544140800,DL,DL,DL,1672,DL,N995DL,1672,10792,BUF,"Buffalo, NY",10397,ATL,"Atlanta, GA",1120,1116.0,-4.0,15.0,1131.0,1319.0,4.0,1349,1323.0,-26.0,0,,0,N,149.0,127.0,108.0,1,712,,,,,,,,,,Buffalo,42.94052,-78.73217,cloudy
121,121,1545868800,B6,B6,B6,85,B6,N523JB,85,10792,BUF,"Buffalo, NY",13204,MCO,"Orlando, FL",1643,1707.0,24.0,9.0,1716.0,1930.0,8.0,1933,1938.0,5.0,0,,0,N,170.0,151.0,134.0,1,1011,,,,,,,,,,Buffalo,42.94052,-78.73217,cloudy
122,122,1547164800,F9,F9,F9,1041,F9,N711FR,1041,10792,BUF,"Buffalo, NY",13204,MCO,"Orlando, FL",1723,1732.0,9.0,10.0,1742.0,1947.0,9.0,2024,1956.0,-28.0,0,,0,N,181.0,144.0,125.0,1,1011,,,,,,,,,,Buffalo,42.94052,-78.73217,cloudy
123,123,1515456000,WN,WN,WN,1879,WN,N8600F,1879,10792,BUF,"Buffalo, NY",13232,MDW,"Chicago, IL",1715,1728.0,13.0,13.0,1741.0,1757.0,4.0,1800,1801.0,1.0,0,,0,N,105.0,93.0,76.0,1,468,,,,,,,,,,Buffalo,42.94052,-78.73217,cloudy
124,124,1515024000,WN,WN,WN,136,WN,N260WN,136,10792,BUF,"Buffalo, NY",10821,BWI,"Baltimore, MD",1230,1301.0,31.0,21.0,1322.0,1419.0,2.0,1340,1421.0,41.0,0,,0,N,70.0,80.0,57.0,1,281,9.0,0.0,10.0,0.0,22.0,,,,,Buffalo,42.94052,-78.73217,cloudy
125,125,1577664000,WN,WN,WN,310,WN,N8306H,310,10792,BUF,"Buffalo, NY",13204,MCO,"Orlando, FL",850,850.0,0.0,11.0,901.0,1127.0,6.0,1140,1133.0,-7.0,0,,0,N,170.0,163.0,146.0,1,1011,,,,,,,,,,Buffalo,42.94052,-78.73217,rain
126,126,1547683200,UA,UA_CODESHARE,UA,4938,C5,N11191,4938,10792,BUF,"Buffalo, NY",11618,EWR,"Newark, NJ",1600,1553.0,-7.0,11.0,1604.0,1702.0,8.0,1734,1710.0,-24.0,0,,0,N,94.0,77.0,58.0,1,282,,,,,,,,,,Buffalo,42.94052,-78.73217,cloudy
128,128,1550966400,WN,WN,WN,2525,WN,N8606C,2525,10792,BUF,"Buffalo, NY",14107,PHX,"Phoenix, AZ",840,901.0,21.0,9.0,910.0,1153.0,4.0,1150,1157.0,7.0,0,,0,N,310.0,296.0,283.0,1,1912,,,,,,,,,,Buffalo,42.94052,-78.73217,cloudy
131,131,1575244800,DL,DL,DL,2014,DL,N928DN,2014,15096,SYR,"Syracuse, NY",10397,ATL,"Atlanta, GA",600,656.0,56.0,47.0,743.0,924.0,5.0,835,929.0,54.0,0,,0,N,155.0,153.0,101.0,1,794,0.0,54.0,0.0,0.0,0.0,,,,,Syracuse,43.11119,-76.10631,snow
132,132,1575504000,DL,DL,DL,2270,DL,N351NB,2270,15096,SYR,"Syracuse, NY",11433,DTW,"Detroit, MI",544,542.0,-2.0,36.0,618.0,718.0,7.0,730,725.0,-5.0,0,,0,N,106.0,103.0,60.0,1,374,,,,,,,,,,Syracuse,43.11119,-76.10631,cloudy
134,134,1546560000,AA,AA_CODESHARE,AA,3916,MQ,N542EA,3916,15096,SYR,"Syracuse, NY",13930,ORD,"Chicago, IL",653,644.0,-9.0,24.0,708.0,742.0,31.0,843,813.0,-30.0,0,,0,N,170.0,149.0,94.0,1,607,,,,,,,,,,Syracuse,43.11119,-76.10631,cloudy
135,135,1516320000,AA,AA_CODESHARE,AA,4544,YX,N107HQ,4544,15096,SYR,"Syracuse, NY",14100,PHL,"Philadelphia, PA",1515,1511.0,-4.0,12.0,1523.0,1610.0,5.0,1633,1615.0,-18.0,0,,0,N,78.0,64.0,47.0,1,228,,,,,,,,,,Syracuse,43.11119,-76.10631,cloudy
141,141,1515456000,AA,AA_CODESHARE,AA,3200,OO,N706SK,3200,15096,SYR,"Syracuse, NY",13930,ORD,"Chicago, IL",745,735.0,-10.0,39.0,814.0,856.0,17.0,919,913.0,-6.0,0,,0,N,154.0,158.0,102.0,1,607,,,,,,,,,,Syracuse,43.11119,-76.10631,cloudy
142,142,1543881600,AA,AA_CODESHARE,AA,4850,PT,N633AE,4850,15096,SYR,"Syracuse, NY",14100,PHL,"Philadelphia, PA",1330,1317.0,-13.0,22.0,1339.0,1422.0,6.0,1450,1428.0,-22.0,0,,0,N,80.0,71.0,43.0,1,228,,,,,,,,,,Syracuse,43.11119,-76.10631,snow
143,143,1516924800,DL,DL,DL,2014,DL,N938DL,2014,15096,SYR,"Syracuse, NY",10397,ATL,"Atlanta, GA",605,601.0,-4.0,12.0,613.0,808.0,8.0,859,816.0,-43.0,0,,0,N,174.0,135.0,115.0,1,794,,,,,,,,,,Syracuse,43.11119,-76.10631,cloudy
145,145,1548547200,AA,AA,AA,1829,AA,N708UW,1829,15096,SYR,"Syracuse, NY",11057,CLT,"Charlotte, NC",1928,1917.0,-11.0,9.0,1926.0,2123.0,8.0,2141,2131.0,-10.0,0,,0,N,133.0,134.0,117.0,1,603,,,,,,,,,,Syracuse,43.11119,-76.10631,cloudy
147,147,1518480000,AA,AA_CODESHARE,AA,5531,OH,N553NN,5531,15096,SYR,"Syracuse, NY",11278,DCA,"Washington, DC",607,603.0,-4.0,16.0,619.0,716.0,12.0,750,728.0,-22.0,0,,0,N,103.0,85.0,57.0,1,298,,,,,,,,,,Syracuse,43.11119,-76.10631,cloudy
150,150,1550966400,F9,F9,F9,959,F9,N342FR,959,15096,SYR,"Syracuse, NY",14635,RSW,"Fort Myers, FL",950,938.0,-12.0,11.0,949.0,1251.0,14.0,1312,1305.0,-7.0,0,,0,N,202.0,207.0,182.0,1,1186,,,,,,,,,,Syracuse,43.11119,-76.10631,cloudy
151,151,1546128000,B6,B6,B6,1815,B6,N198JB,1815,15096,SYR,"Syracuse, NY",12478,JFK,"New York, NY",1859,2028.0,89.0,11.0,2039.0,2126.0,10.0,2024,2136.0,72.0,0,,0,N,85.0,68.0,47.0,1,209,0.0,0.0,0.0,0.0,72.0,,,,,Syracuse,43.11119,-76.10631,cloudy
152,152,1516838400,AA,AA_CODESHARE,AA,5184,OH,N584NN,5184,15096,SYR,"Syracuse, NY",11057,CLT,"Charlotte, NC",1404,1400.0,-4.0,10.0,1410.0,1541.0,15.0,1625,1556.0,-29.0,0,,0,N,141.0,116.0,91.0,1,603,,,,,,,,,,Syracuse,43.11119,-76.10631,cloudy
154,154,1547856000,DL,DL,DL,986,DL,N962DN,986,15096,SYR,"Syracuse, NY",10397,ATL,"Atlanta, GA",600,621.0,21.0,14.0,635.0,843.0,8.0,838,851.0,13.0,0,,0,N,158.0,150.0,128.0,1,794,,,,,,,,,,Syracuse,43.11119,-76.10631,cloudy
156,156,1575331200,AA,AA_CODESHARE,AA,3310,MQ,N230NN,3310,15096,SYR,"Syracuse, NY",13930,ORD,"Chicago, IL",500,453.0,-7.0,25.0,518.0,551.0,12.0,618,603.0,-15.0,0,,0,N,138.0,130.0,93.0,1,607,,,,,,,,,,Syracuse,43.11119,-76.10631,cloudy
157,157,1546387200,UA,UA_CODESHARE,UA,4505,G7,N154GJ,4505,15096,SYR,"Syracuse, NY",13930,ORD,"Chicago, IL",955,1013.0,18.0,12.0,1025.0,1111.0,9.0,1123,1120.0,-3.0,0,,0,N,148.0,127.0,106.0,1,607,,,,,,,,,,Syracuse,43.11119,-76.10631,cloudy
158,158,1518480000,DL,DL,DL,2014,DL,N970DL,2014,15096,SYR,"Syracuse, NY",10397,ATL,"Atlanta, GA",605,557.0,-8.0,23.0,620.0,825.0,7.0,859,832.0,-27.0,0,,0,N,174.0,155.0,125.0,1,794,,,,,,,,,,Syracuse,43.11119,-76.10631,cloudy
159,159,1545004800,AA,AA_CODESHARE,AA,3538,MQ,N529EA,3538,15096,SYR,"Syracuse, NY",13930,ORD,"Chicago, IL",1453,1449.0,-4.0,9.0,1458.0,1530.0,17.0,1606,1547.0,-19.0,0,,0,N,133.0,118.0,92.0,1,607,,,,,,,,,,Syracuse,43.11119,-76.10631,cloudy
160,160,1518048000,B6,B6,B6,1815,B6,N346JB,1815,15096,SYR,"Syracuse, NY",12478,JFK,"New York, NY",1835,1837.0,2.0,25.0,1902.0,2005.0,9.0,2000,2014.0,14.0,0,,0,N,85.0,97.0,63.0,1,209,,,,,,,,,,Syracuse,43.11119,-76.10631,cloudy
163,163,1548028800,UA,UA_CODESHARE,UA,4975,C5,N14177,4975,15096,SYR,"Syracuse, NY",11618,EWR,"Newark, NJ",1300,1524.0,144.0,33.0,1557.0,1633.0,12.0,1436,1645.0,129.0,0,,0,N,96.0,81.0,36.0,1,195,0.0,0.0,129.0,0.0,0.0,1251.0,31.0,31.0,,Syracuse,43.11119,-76.10631,snow
166,166,1516838400,AA,AA,AA,1898,AA,N722US,1898,15096,SYR,"Syracuse, NY",11057,CLT,"Charlotte, NC",1917,1923.0,6.0,12.0,1935.0,2107.0,7.0,2132,2114.0,-18.0,0,,0,N,135.0,111.0,92.0,1,603,,,,,,,,,,Syracuse,43.11119,-76.10631,cloudy
167,167,1518912000,AA,AA_CODESHARE,AA,3651,MQ,N527EA,3651,15096,SYR,"Syracuse, NY",13930,ORD,"Chicago, IL",1129,1126.0,-3.0,10.0,1136.0,1220.0,9.0,1245,1229.0,-16.0,0,,0,N,136.0,123.0,104.0,1,607,,,,,,,,,,Syracuse,43.11119,-76.10631,cloudy
169,169,1517443200,DL,DL_CODESHARE,DL,3691,9E,N298PQ,3691,15096,SYR,"Syracuse, NY",12953,LGA,"New York, NY",550,549.0,-1.0,13.0,602.0,640.0,4.0,720,644.0,-36.0,0,,0,N,90.0,55.0,38.0,1,198,,,,,,,,,,Syracuse,43.11119,-76.10631,cloudy
173,173,1548028800,B6,B6,B6,655,B6,N521JB,655,15096,SYR,"Syracuse, NY",13204,MCO,"Orlando, FL",710,732.0,22.0,48.0,820.0,1035.0,5.0,1027,1040.0,13.0,0,,0,N,197.0,188.0,135.0,1,1053,,,,,,,,,,Syracuse,43.11119,-76.10631,snow
174,174,1548374400,AA,AA_CODESHARE,AA,4851,PT,N640AE,4851,15096,SYR,"Syracuse, NY",10721,BOS,"Boston, MA",2046,2030.0,-16.0,12.0,2042.0,2125.0,8.0,2157,2133.0,-24.0,0,,0,N,71.0,63.0,43.0,1,265,,,,,,,,,,Syracuse,43.11119,-76.10631,cloudy
175,175,1575936000,UA,UA_CODESHARE,UA,5010,C5,N16178,5010,15096,SYR,"Syracuse, NY",11618,EWR,"Newark, NJ",925,914.0,-11.0,16.0,930.0,1011.0,7.0,1037,1018.0,-19.0,0,,0,N,72.0,64.0,41.0,1,195,,,,,,,,,,Syracuse,43.11119,-76.10631,rain
176,176,1576022400,DL,DL,DL,2270,DL,N301NB,2270,15096,SYR,"Syracuse, NY",11433,DTW,"Detroit, MI",544,543.0,-1.0,12.0,555.0,702.0,6.0,730,708.0,-22.0,0,,0,N,106.0,85.0,67.0,1,374,,,,,,,,,,Syracuse,43.11119,-76.10631,cloudy
177,177,1517356800,UA,UA_CODESHARE,UA,4511,G7,N168GJ,4511,15096,SYR,"Syracuse, NY",13930,ORD,"Chicago, IL",655,649.0,-6.0,31.0,720.0,759.0,14.0,815,813.0,-2.0,0,,0,N,140.0,144.0,99.0,1,607,,,,,,,,,,Syracuse,43.11119,-76.10631,snow
181,181,1576368000,AA,AA_CODESHARE,AA,3710,MQ,N280NN,3710,15096,SYR,"Syracuse, NY",13930,ORD,"Chicago, IL",631,624.0,-7.0,36.0,700.0,746.0,16.0,800,802.0,2.0,0,,0,N,149.0,158.0,106.0,1,607,,,,,,,,,,Syracuse,43.11119,-76.10631,rain
183,183,1519084800,DL,DL_CODESHARE,DL,6262,G7,N369CA,6262,15096,SYR,"Syracuse, NY",11433,DTW,"Detroit, MI",540,534.0,-6.0,10.0,544.0,647.0,6.0,739,653.0,-46.0,0,,0,N,119.0,79.0,63.0,1,374,,,,,,,,,,Syracuse,43.11119,-76.10631,rain
185,185,1544227200,AA,AA_CODESHARE,AA,5149,OH,N544AE,5149,15096,SYR,"Syracuse, NY",11057,CLT,"Charlotte, NC",1509,1453.0,-16.0,39.0,1532.0,1723.0,9.0,1721,1732.0,11.0,0,,0,N,132.0,159.0,111.0,1,603,,,,,,,,,,Syracuse,43.11119,-76.10631,cloudy
186,186,1548374400,AA,AA_CODESHARE,AA,5014,PT,N641AE,5014,15096,SYR,"Syracuse, NY",14100,PHL,"Philadelphia, PA",553,556.0,3.0,29.0,625.0,708.0,7.0,725,715.0,-10.0,0,,0,N,92.0,79.0,43.0,1,228,,,,,,,,,,Syracuse,43.11119,-76.10631,cloudy
187,187,1577664000,B6,B6,B6,374,B6,N190JB,374,15096,SYR,"Syracuse, NY",10721,BOS,"Boston, MA",504,452.0,-12.0,12.0,504.0,550.0,10.0,625,600.0,-25.0,0,,0,N,81.0,68.0,46.0,1,265,,,,,,,,,,Syracuse,43.11119,-76.10631,rain
188,188,1518134400,DL,DL_CODESHARE,DL,3994,9E,N902XJ,3994,15096,SYR,"Syracuse, NY",12478,JFK,"New York, NY",1845,1839.0,-6.0,63.0,1942.0,2026.0,6.0,2028,2032.0,4.0,0,,0,N,103.0,113.0,44.0,1,209,,,,,,,,,,Syracuse,43.11119,-76.10631,cloudy
189,189,1518048000,AA,AA_CODESHARE,AA,4323,AX,N611AE,4323,15096,SYR,"Syracuse, NY",11278,DCA,"Washington, DC",936,1017.0,41.0,28.0,1045.0,1145.0,12.0,1113,1157.0,44.0,0,,0,N,97.0,100.0,60.0,1,298,0.0,0.0,3.0,0.0,41.0,,,,,Syracuse,43.11119,-76.10631,cloudy
193,193,1547596800,B6,B6,B6,315,B6,N236JB,315,15096,SYR,"Syracuse, NY",12478,JFK,"New York, NY",914,904.0,-10.0,27.0,931.0,1020.0,8.0,1029,1028.0,-1.0,0,,0,N,75.0,84.0,49.0,1,209,,,,,,,,,,Syracuse,43.11119,-76.10631,cloudy
194,194,1518393600,AA,AA_CODESHARE,AA,5647,OH,N209PS,5647,15096,SYR,"Syracuse, NY",11278,DCA,"Washington, DC",1144,1242.0,58.0,10.0,1252.0,1357.0,5.0,1309,1402.0,53.0,0,,0,N,85.0,80.0,65.0,1,298,0.0,0.0,0.0,0.0,53.0,,,,,Syracuse,43.11119,-76.10631,rain
195,195,1517356800,UA,UA_CODESHARE,UA,4040,EV,N14905,4040,15096,SYR,"Syracuse, NY",11618,EWR,"Newark, NJ",1855,1841.0,-14.0,32.0,1913.0,1959.0,9.0,2024,2008.0,-16.0,0,,0,N,89.0,87.0,46.0,1,195,,,,,,,,,,Syracuse,43.11119,-76.10631,snow
197,197,1518912000,DL,DL_CODESHARE,DL,6262,G7,N369CA,6262,15096,SYR,"Syracuse, NY",11433,DTW,"Detroit, MI",540,539.0,-1.0,40.0,619.0,726.0,8.0,740,734.0,-6.0,0,,0,N,120.0,115.0,67.0,1,374,,,,,,,,,,Syracuse,43.11119,-76.10631,cloudy
198,198,1575849600,UA,UA_CODESHARE,UA,5785,OO,N124SY,5785,11986,GRR,"Grand Rapids, MI",11292,DEN,"Denver, CO",736,732.0,-4.0,15.0,747.0,824.0,16.0,845,840.0,-5.0,0,,0,N,189.0,188.0,157.0,1,1015,,,,,,,,,,Grand Rapids,42.88082,-85.52277,cloudy
199,199,1549584000,G4,G4,G4,883,G4,234NV,883,11986,GRR,"Grand Rapids, MI",14112,PIE,"St. Petersburg, FL",958,955.0,-3.0,36.0,1031.0,1252.0,4.0,1235,1256.0,21.0,0,,0,N,157.0,181.0,141.0,1,1044,21.0,0.0,0.0,0.0,0.0,,,,,Grand Rapids,42.88082,-85.52277,cloudy
201,201,1576454400,DL,DL,DL,661,DL,N834DN,661,11986,GRR,"Grand Rapids, MI",11433,DTW,"Detroit, MI",755,748.0,-7.0,28.0,816.0,845.0,9.0,858,854.0,-4.0,0,,0,N,63.0,66.0,29.0,1,120,,,,,,,,,,Grand Rapids,42.88082,-85.52277,cloudy
204,204,1519516800,DL,DL,DL,751,DL,N969DL,751,11986,GRR,"Grand Rapids, MI",10397,ATL,"Atlanta, GA",1327,1325.0,-2.0,8.0,1333.0,1522.0,7.0,1541,1529.0,-12.0,0,,0,N,134.0,124.0,109.0,1,640,,,,,,,,,,Grand Rapids,42.88082,-85.52277,cloudy
206,206,1519344000,DL,DL_CODESHARE,DL,4778,OO,N762SK,4778,11986,GRR,"Grand Rapids, MI",13487,MSP,"Minneapolis, MN",1302,1320.0,18.0,14.0,1334.0,1348.0,6.0,1350,1354.0,4.0,0,,0,N,108.0,94.0,74.0,1,408,,,,,,,,,,Grand Rapids,42.88082,-85.52277,cloudy
208,208,1550275200,AA,AA_CODESHARE,AA,4014,MQ,N248NN,4014,11986,GRR,"Grand Rapids, MI",11298,DFW,"Dallas/Fort Worth, TX",1508,1506.0,-2.0,11.0,1517.0,1655.0,6.0,1710,1701.0,-9.0,0,,0,N,182.0,175.0,158.0,1,931,,,,,,,,,,Grand Rapids,42.88082,-85.52277,cloudy
210,210,1517356800,WN,WN,WN,968,WN,N565WN,968,11986,GRR,"Grand Rapids, MI",10821,BWI,"Baltimore, MD",1200,1154.0,-6.0,8.0,1202.0,1311.0,5.0,1335,1316.0,-19.0,0,,0,N,95.0,82.0,69.0,1,528,,,,,,,,,,Grand Rapids,42.88082,-85.52277,cloudy
211,211,1548720000,DL,DL_CODESHARE,DL,3465,9E,N232PQ,3465,11986,GRR,"Grand Rapids, MI",11433,DTW,"Detroit, MI",1938,2102.0,84.0,60.0,2202.0,2228.0,9.0,2039,2237.0,118.0,0,,0,N,61.0,95.0,26.0,1,120,0.0,76.0,34.0,0.0,8.0,,,,,Grand Rapids,42.88082,-85.52277,snow
212,212,1545955200,DL,DL_CODESHARE,DL,3281,9E,N181PQ,3281,11986,GRR,"Grand Rapids, MI",13487,MSP,"Minneapolis, MN",1841,1839.0,-2.0,20.0,1859.0,1902.0,11.0,1928,1913.0,-15.0,0,,0,N,107.0,94.0,63.0,1,408,,,,,,,,,,Grand Rapids,42.88082,-85.52277,cloudy
215,215,1519171200,UA,UA,UA,206,UA,N77539,206,11986,GRR,"Grand Rapids, MI",13930,ORD,"Chicago, IL",630,626.0,-4.0,31.0,657.0,630.0,8.0,639,638.0,-1.0,0,,0,N,69.0,72.0,33.0,1,137,,,,,,,,,,Grand Rapids,42.88082,-85.52277,rain
217,217,1547510400,DL,DL_CODESHARE,DL,3771,OO,N271SY,3771,11986,GRR,"Grand Rapids, MI",12953,LGA,"New York, NY",1816,1837.0,21.0,43.0,1920.0,2045.0,8.0,2019,2053.0,34.0,0,,0,N,123.0,136.0,85.0,1,618,0.0,0.0,13.0,0.0,21.0,,,,,Grand Rapids,42.88082,-85.52277,cloudy
218,218,1548547200,AA,AA_CODESHARE,AA,5092,OH,N553NN,5092,11986,GRR,"Grand Rapids, MI",11057,CLT,"Charlotte, NC",625,635.0,10.0,34.0,709.0,833.0,8.0,841,841.0,0.0,0,,0,N,136.0,126.0,84.0,1,583,,,,,,,,,,Grand Rapids,42.88082,-85.52277,cloudy
219,219,1550016000,UA,UA_CODESHARE,UA,4958,C5,N12195,4958,11986,GRR,"Grand Rapids, MI",11618,EWR,"Newark, NJ",1950,2023.0,33.0,32.0,2055.0,2215.0,18.0,2154,2233.0,39.0,0,,0,N,124.0,130.0,80.0,1,605,0.0,0.0,39.0,0.0,0.0,,,,,Grand Rapids,42.88082,-85.52277,snow
222,222,1518048000,UA,UA_CODESHARE,UA,3495,YX,N857RW,3495,11986,GRR,"Grand Rapids, MI",11618,EWR,"Newark, NJ",1450,1514.0,24.0,31.0,1545.0,1708.0,8.0,1650,1716.0,26.0,0,,0,N,120.0,122.0,83.0,1,605,5.0,0.0,2.0,0.0,19.0,,,,,Grand Rapids,42.88082,-85.52277,cloudy
224,224,1549843200,DL,DL,DL,2514,DL,N837DN,2514,11986,GRR,"Grand Rapids, MI",13487,MSP,"Minneapolis, MN",700,654.0,-6.0,10.0,704.0,716.0,11.0,751,727.0,-24.0,0,,0,N,111.0,93.0,72.0,1,408,,,,,,,,,,Grand Rapids,42.88082,-85.52277,snow
225,225,1549843200,F9,F9,F9,1074,F9,N201FR,1074,11986,GRR,"Grand Rapids, MI",13204,MCO,"Orlando, FL",1346,1343.0,-3.0,15.0,1358.0,1616.0,9.0,1645,1625.0,-20.0,0,,0,N,179.0,162.0,138.0,1,1024,,,,,,,,,,Grand Rapids,42.88082,-85.52277,snow
226,226,1544227200,WN,WN,WN,3168,WN,N7823A,3168,11986,GRR,"Grand Rapids, MI",13204,MCO,"Orlando, FL",1425,1422.0,-3.0,10.0,1432.0,1653.0,11.0,1705,1704.0,-1.0,0,,0,N,160.0,162.0,141.0,1,1024,,,,,,,,,,Grand Rapids,42.88082,-85.52277,cloudy
232,232,1550016000,DL,DL,DL,1952,DL,N860DN,1952,11986,GRR,"Grand Rapids, MI",10397,ATL,"Atlanta, GA",600,557.0,-3.0,40.0,637.0,807.0,6.0,817,813.0,-4.0,0,,0,N,137.0,136.0,90.0,1,640,,,,,,,,,,Grand Rapids,42.88082,-85.52277,snow
235,235,1547596800,DL,DL_CODESHARE,DL,3762,OO,N771SK,3762,11986,GRR,"Grand Rapids, MI",13487,MSP,"Minneapolis, MN",1304,1257.0,-7.0,13.0,1310.0,1326.0,2.0,1350,1328.0,-22.0,0,,0,N,106.0,91.0,76.0,1,408,,,,,,,,,,Grand Rapids,42.88082,-85.52277,cloudy
236,236,1514851200,AA,AA_CODESHARE,AA,5534,OH,N560NN,5534,11986,GRR,"Grand Rapids, MI",11057,CLT,"Charlotte, NC",640,707.0,27.0,29.0,736.0,859.0,4.0,847,903.0,16.0,0,,0,N,127.0,116.0,83.0,1,583,16.0,0.0,0.0,0.0,0.0,,,,,Grand Rapids,42.88082,-85.52277,cloudy
237,237,1550707200,AA,AA_CODESHARE,AA,4709,YX,N403YX,4709,11986,GRR,"Grand Rapids, MI",13303,MIA,"Miami, FL",502,512.0,10.0,17.0,529.0,822.0,6.0,834,828.0,-6.0,0,,0,N,212.0,196.0,173.0,1,1214,,,,,,,,,,Grand Rapids,42.88082,-85.52277,rain
238,238,1547337600,WN,WN,WN,4576,WN,N446WN,4576,11986,GRR,"Grand Rapids, MI",13232,MDW,"Chicago, IL",1705,1706.0,1.0,8.0,1714.0,1654.0,2.0,1710,1656.0,-14.0,0,,0,N,65.0,50.0,40.0,1,137,,,,,,,,,,Grand Rapids,42.88082,-85.52277,cloudy
239,239,1575849600,F9,F9,F9,2851,F9,N213FR,2851,11986,GRR,"Grand Rapids, MI",14107,PHX,"Phoenix, AZ",1350,1341.0,-9.0,13.0,1354.0,1755.0,7.0,1621,1802.0,,0,,1,N,271.0,,,1,1574,,,,,,,,,,Grand Rapids,42.88082,-85.52277,cloudy
241,241,1548633600,WN,WN,WN,2124,WN,N7848A,2124,11986,GRR,"Grand Rapids, MI",10821,BWI,"Baltimore, MD",1630,1628.0,-2.0,45.0,1713.0,1826.0,4.0,1805,1830.0,25.0,0,,0,N,95.0,122.0,73.0,1,528,0.0,0.0,25.0,0.0,0.0,,,,,Grand Rapids,42.88082,-85.52277,cloudy
242,242,1515369600,UA,UA_CODESHARE,UA,4047,EV,N16178,4047,11986,GRR,"Grand Rapids, MI",12266,IAH,"Houston, TX",635,730.0,55.0,29.0,759.0,914.0,7.0,849,921.0,32.0,0,,0,N,194.0,171.0,135.0,1,1042,0.0,32.0,0.0,0.0,0.0,,,,,Grand Rapids,42.88082,-85.52277,cloudy
243,243,1548720000,G4,G4,G4,2681,G4,246NV,2681,11986,GRR,"Grand Rapids, MI",10466,AZA,"Phoenix, AZ",1415,1511.0,56.0,42.0,1553.0,1736.0,5.0,1611,1741.0,90.0,0,,0,N,236.0,270.0,223.0,1,1561,0.0,38.0,34.0,0.0,18.0,,,,,Grand Rapids,42.88082,-85.52277,snow
244,244,1547078400,AA,AA_CODESHARE,AA,4810,PT,N639AE,4810,11986,GRR,"Grand Rapids, MI",14100,PHL,"Philadelphia, PA",524,514.0,-10.0,29.0,543.0,713.0,11.0,730,724.0,-6.0,0,,0,N,126.0,130.0,90.0,1,573,,,,,,,,,,Grand Rapids,42.88082,-85.52277,cloudy
245,245,1516752000,WN,WN,WN,795,WN,N7745A,795,11986,GRR,"Grand Rapids, MI",11292,DEN,"Denver, CO",545,540.0,-5.0,10.0,550.0,607.0,4.0,655,611.0,-44.0,0,,0,N,190.0,151.0,137.0,1,1015,,,,,,,,,,Grand Rapids,42.88082,-85.52277,cloudy
248,248,1546041600,DL,DL_CODESHARE,DL,6270,G7,N378CA,6270,11986,GRR,"Grand Rapids, MI",11433,DTW,"Detroit, MI",1745,1742.0,-3.0,21.0,1803.0,1832.0,8.0,1849,1840.0,-9.0,0,,0,N,64.0,58.0,29.0,1,120,,,,,,,,,,Grand Rapids,42.88082,-85.52277,cloudy
252,252,1515888000,DL,DL_CODESHARE,DL,6242,G7,N331CA,6242,11986,GRR,"Grand Rapids, MI",11433,DTW,"Detroit, MI",1018,1009.0,-9.0,9.0,1018.0,1050.0,16.0,1130,1106.0,-24.0,0,,0,N,72.0,57.0,32.0,1,120,,,,,,,,,,Grand Rapids,42.88082,-85.52277,cloudy
260,260,1543795200,UA,UA_CODESHARE,UA,5810,OO,N142SY,5810,11986,GRR,"Grand Rapids, MI",13930,ORD,"Chicago, IL",2015,2008.0,-7.0,38.0,2046.0,2020.0,12.0,2024,2032.0,8.0,0,,0,N,69.0,84.0,34.0,1,137,,,,,,,,,,Grand Rapids,42.88082,-85.52277,rain
261,261,1517875200,AA,AA_CODESHARE,AA,4895,PT,N637AE,4895,11986,GRR,"Grand Rapids, MI",14100,PHL,"Philadelphia, PA",532,530.0,-2.0,50.0,620.0,739.0,6.0,735,745.0,10.0,0,,0,N,123.0,135.0,79.0,1,573,,,,,,,,,,Grand Rapids,42.88082,-85.52277,cloudy
263,263,1517270400,G4,G4,G4,683,G4,254NV,683,11986,GRR,"Grand Rapids, MI",14761,SFB,"Sanford, FL",1649,1715.0,26.0,14.0,1729.0,1926.0,6.0,1929,1932.0,3.0,0,,0,N,160.0,137.0,117.0,1,1001,,,,,,,,,,Grand Rapids,42.88082,-85.52277,cloudy
264,264,1550448000,UA,UA_CODESHARE,UA,4007,EV,N11535,4007,11986,GRR,"Grand Rapids, MI",11618,EWR,"Newark, NJ",600,720.0,80.0,27.0,747.0,905.0,11.0,759,916.0,77.0,0,,0,N,119.0,116.0,78.0,1,605,77.0,0.0,0.0,0.0,0.0,,,,,Grand Rapids,42.88082,-85.52277,snow
265,265,1547510400,DL,DL_CODESHARE,DL,3700,OO,N770SK,3700,11986,GRR,"Grand Rapids, MI",13487,MSP,"Minneapolis, MN",1617,1610.0,-7.0,20.0,1630.0,1655.0,4.0,1658,1659.0,1.0,0,,0,N,101.0,109.0,85.0,1,408,,,,,,,,,,Grand Rapids,42.88082,-85.52277,cloudy
267,267,1575849600,UA,UA_CODESHARE,UA,4092,EV,N601UX,4092,11986,GRR,"Grand Rapids, MI",12266,IAH,"Houston, TX",1835,1825.0,-10.0,13.0,1838.0,2030.0,7.0,2043,2037.0,-6.0,0,,0,N,188.0,192.0,172.0,1,1042,,,,,,,,,,Grand Rapids,42.88082,-85.52277,cloudy
270,270,1549670400,UA,UA_CODESHARE,UA,3552,YX,N746YX,3552,11986,GRR,"Grand Rapids, MI",11618,EWR,"Newark, NJ",1459,1446.0,-13.0,16.0,1502.0,1619.0,29.0,1657,1648.0,-9.0,0,,0,N,118.0,122.0,77.0,1,605,,,,,,,,,,Grand Rapids,42.88082,-85.52277,cloudy
273,273,1549584000,WN,WN,WN,5575,WN,N8306H,5575,11986,GRR,"Grand Rapids, MI",13232,MDW,"Chicago, IL",725,724.0,-1.0,29.0,753.0,731.0,7.0,735,738.0,3.0,0,,0,N,70.0,74.0,38.0,1,137,,,,,,,,,,Grand Rapids,42.88082,-85.52277,cloudy
275,275,1519516800,UA,UA_CODESHARE,UA,3834,ZW,N413AW,3834,11986,GRR,"Grand Rapids, MI",13930,ORD,"Chicago, IL",1035,1134.0,59.0,19.0,1153.0,1124.0,11.0,1039,1135.0,56.0,0,,0,N,64.0,61.0,31.0,1,137,0.0,0.0,0.0,0.0,56.0,,,,,Grand Rapids,42.88082,-85.52277,cloudy
276,276,1576540800,UA,UA_CODESHARE,UA,3687,YX,N653RW,3687,11986,GRR,"Grand Rapids, MI",11618,EWR,"Newark, NJ",1630,,,,,,,1829,,,1,C,0,N,119.0,,,1,605,,,,,,,,,,Grand Rapids,42.88082,-85.52277,cloudy
280,280,1576195200,AA,AA_CODESHARE,AA,3020,OO,N754EV,3020,11986,GRR,"Grand Rapids, MI",13930,ORD,"Chicago, IL",1231,1225.0,-6.0,22.0,1247.0,1217.0,12.0,1242,1229.0,-13.0,0,,0,N,71.0,64.0,30.0,1,137,,,,,,,,,,Grand Rapids,42.88082,-85.52277,cloudy
281,281,1547942400,UA,UA_CODESHARE,UA,3919,ZW,N435AW,3919,11986,GRR,"Grand Rapids, MI",13930,ORD,"Chicago, IL",649,641.0,-8.0,27.0,708.0,640.0,8.0,705,648.0,-17.0,0,,0,N,76.0,67.0,32.0,1,137,,,,,,,,,,Grand Rapids,42.88082,-85.52277,cloudy
282,282,1516665600,AA,AA_CODESHARE,AA,3720,MQ,N931AE,3720,11986,GRR,"Grand Rapids, MI",13930,ORD,"Chicago, IL",2101,2054.0,-7.0,11.0,2105.0,2033.0,26.0,2106,2059.0,-7.0,0,,0,N,65.0,65.0,28.0,1,137,,,,,,,,,,Grand Rapids,42.88082,-85.52277,rain
283,283,1550448000,DL,DL_CODESHARE,DL,3465,9E,N181PQ,3465,11986,GRR,"Grand Rapids, MI",11433,DTW,"Detroit, MI",1938,1933.0,-5.0,15.0,1948.0,2017.0,10.0,2039,2027.0,-12.0,0,,0,N,61.0,54.0,29.0,1,120,,,,,,,,,,Grand Rapids,42.88082,-85.52277,snow
284,284,1546128000,DL,DL_CODESHARE,DL,3734,OO,N825SK,3734,11986,GRR,"Grand Rapids, MI",11433,DTW,"Detroit, MI",615,609.0,-6.0,13.0,622.0,647.0,11.0,738,658.0,-40.0,0,,0,N,83.0,49.0,25.0,1,120,,,,,,,,,,Grand Rapids,42.88082,-85.52277,cloudy
285,285,1548720000,DL,DL,DL,783,DL,N988DN,783,11986,GRR,"Grand Rapids, MI",11433,DTW,"Detroit, MI",1820,1821.0,1.0,117.0,2018.0,2045.0,11.0,1924,2056.0,92.0,0,,0,N,64.0,155.0,27.0,1,120,0.0,0.0,92.0,0.0,0.0,,,,,Grand Rapids,42.88082,-85.52277,snow
286,286,1550275200,UA,UA_CODESHARE,UA,4467,G7,N170GJ,4467,11986,GRR,"Grand Rapids, MI",13930,ORD,"Chicago, IL",845,835.0,-10.0,15.0,850.0,829.0,11.0,900,840.0,-20.0,0,,0,N,75.0,65.0,39.0,1,137,,,,,,,,,,Grand Rapids,42.88082,-85.52277,cloudy
288,288,1545609600,AA,AA,AA,2045,AA,N820AW,2045,11986,GRR,"Grand Rapids, MI",14107,PHX,"Phoenix, AZ",1604,1557.0,-7.0,14.0,1611.0,1751.0,4.0,1835,1755.0,-40.0,0,,0,N,271.0,238.0,220.0,1,1574,,,,,,,,,,Grand Rapids,42.88082,-85.52277,cloudy
290,290,1546300800,AA,AA_CODESHARE,AA,4949,PT,N651AE,4949,11986,GRR,"Grand Rapids, MI",14100,PHL,"Philadelphia, PA",1140,1134.0,-6.0,27.0,1201.0,1317.0,8.0,1335,1325.0,-10.0,0,,0,N,115.0,111.0,76.0,1,573,,,,,,,,,,Grand Rapids,42.88082,-85.52277,rain
294,294,1547164800,AA,AA_CODESHARE,AA,4810,PT,N655AE,4810,11986,GRR,"Grand Rapids, MI",14100,PHL,"Philadelphia, PA",524,611.0,47.0,28.0,639.0,802.0,6.0,730,808.0,38.0,0,,0,N,126.0,117.0,83.0,1,573,38.0,0.0,0.0,0.0,0.0,,,,,Grand Rapids,42.88082,-85.52277,cloudy
296,296,1518998400,G4,G4,G4,483,G4,883GA,483,11986,GRR,"Grand Rapids, MI",12889,LAS,"Las Vegas, NV",1429,1428.0,-1.0,10.0,1438.0,1542.0,7.0,1541,1549.0,8.0,0,,0,N,252.0,261.0,244.0,1,1642,,,,,,,,,,Grand Rapids,42.88082,-85.52277,cloudy
297,297,1549411200,DL,DL_CODESHARE,DL,3741,OO,N603SK,3741,14633,RST,"Rochester, MN",13487,MSP,"Minneapolis, MN",1551,1547.0,-4.0,20.0,1607.0,1631.0,6.0,1653,1637.0,-16.0,0,,0,N,62.0,50.0,24.0,1,76,,,,,,,,,,Rochester,43.11887,-77.67238,cloudy
298,298,1549411200,DL,DL_CODESHARE,DL,3741,OO,N603SK,3741,14633,RST,"Rochester, MN",13487,MSP,"Minneapolis, MN",1551,1547.0,-4.0,20.0,1607.0,1631.0,6.0,1653,1637.0,-16.0,0,,0,N,62.0,50.0,24.0,1,76,,,,,,,,,,Rochester,43.90883,-92.49799,snow
300,300,1551052800,DL,DL_CODESHARE,DL,3641,OO,N807SK,3641,14576,ROC,"Rochester, NY",11433,DTW,"Detroit, MI",1429,1549.0,80.0,15.0,1604.0,1705.0,5.0,1606,1710.0,64.0,0,,0,N,97.0,81.0,61.0,1,296,0.0,64.0,0.0,0.0,0.0,1424.0,19.0,19.0,,Rochester,43.90883,-92.49799,snow
304,304,1543795200,UA,UA_CODESHARE,UA,4226,EV,N14542,4226,14576,ROC,"Rochester, NY",11618,EWR,"Newark, NJ",630,627.0,-3.0,14.0,641.0,723.0,10.0,753,733.0,-20.0,0,,0,N,83.0,66.0,42.0,1,246,,,,,,,,,,Rochester,43.90883,-92.49799,cloudy
305,305,1516752000,DL,DL_CODESHARE,DL,3841,9E,N931XJ,3841,14576,ROC,"Rochester, NY",12953,LGA,"New York, NY",550,547.0,-3.0,16.0,603.0,645.0,8.0,728,653.0,-35.0,0,,0,N,98.0,66.0,42.0,1,254,,,,,,,,,,Rochester,43.11887,-77.67238,cloudy
307,307,1515283200,AA,AA_CODESHARE,AA,3267,MQ,N542EA,3267,14576,ROC,"Rochester, NY",13930,ORD,"Chicago, IL",1135,1128.0,-7.0,10.0,1138.0,1202.0,25.0,1234,1227.0,-7.0,0,,0,N,119.0,119.0,84.0,1,528,,,,,,,,,,Rochester,43.11887,-77.67238,snow
310,310,1515110400,DL,DL,DL,2129,DL,N910DE,2129,14576,ROC,"Rochester, NY",10397,ATL,"Atlanta, GA",600,554.0,-6.0,23.0,617.0,805.0,4.0,835,809.0,-26.0,0,,0,N,155.0,135.0,108.0,1,749,,,,,,,,,,Rochester,43.90883,-92.49799,cloudy
319,319,1550102400,DL,DL_CODESHARE,DL,3741,OO,N771SK,3741,14633,RST,"Rochester, MN",13487,MSP,"Minneapolis, MN",1551,1601.0,10.0,71.0,1712.0,1738.0,7.0,1653,1745.0,52.0,0,,0,N,62.0,104.0,26.0,1,76,0.0,2.0,42.0,0.0,8.0,,,,,Rochester,43.11887,-77.67238,snow
321,321,1544486400,AA,AA_CODESHARE,AA,4096,MQ,N836AE,4096,14576,ROC,"Rochester, NY",10721,BOS,"Boston, MA",1409,1401.0,-8.0,23.0,1424.0,1512.0,12.0,1529,1524.0,-5.0,0,,0,N,80.0,83.0,48.0,1,343,,,,,,,,,,Rochester,43.11887,-77.67238,cloudy
323,323,1551139200,UA,UA_CODESHARE,UA,3876,ZW,N456ZW,3876,14576,ROC,"Rochester, NY",13930,ORD,"Chicago, IL",1200,1207.0,7.0,40.0,1247.0,1329.0,15.0,1312,1344.0,32.0,0,,0,N,132.0,157.0,102.0,1,528,7.0,0.0,25.0,0.0,0.0,,,,,Rochester,43.11887,-77.67238,snow
324,324,1551139200,UA,UA_CODESHARE,UA,3876,ZW,N456ZW,3876,14576,ROC,"Rochester, NY",13930,ORD,"Chicago, IL",1200,1207.0,7.0,40.0,1247.0,1329.0,15.0,1312,1344.0,32.0,0,,0,N,132.0,157.0,102.0,1,528,7.0,0.0,25.0,0.0,0.0,,,,,Rochester,43.90883,-92.49799,cloudy
325,325,1518220800,UA,UA,UA,2030,UA,N24736,2030,14576,ROC,"Rochester, NY",11618,EWR,"Newark, NJ",610,609.0,-1.0,35.0,644.0,728.0,7.0,738,735.0,-3.0,0,,0,N,88.0,86.0,44.0,1,246,,,,,,,,,,Rochester,43.11887,-77.67238,snow
328,328,1549324800,AA,AA_CODESHARE,AA,5402,OH,N207PS,5402,14576,ROC,"Rochester, NY",11278,DCA,"Washington, DC",1716,1710.0,-6.0,11.0,1721.0,1824.0,4.0,1844,1828.0,-16.0,0,,0,N,88.0,78.0,63.0,1,296,,,,,,,,,,Rochester,43.90883,-92.49799,cloudy
329,329,1575244800,AA,AA_CODESHARE,AA,5005,PT,N640AE,5005,14576,ROC,"Rochester, NY",14100,PHL,"Philadelphia, PA",1501,,,,,,,1625,,,1,B,0,N,84.0,,,1,257,,,,,,,,,,Rochester,43.11887,-77.67238,cloudy
330,330,1575244800,AA,AA_CODESHARE,AA,5005,PT,N640AE,5005,14576,ROC,"Rochester, NY",14100,PHL,"Philadelphia, PA",1501,,,,,,,1625,,,1,B,0,N,84.0,,,1,257,,,,,,,,,,Rochester,43.90883,-92.49799,cloudy
331,331,1550448000,AA,AA_CODESHARE,AA,4977,PT,N683AE,4977,14576,ROC,"Rochester, NY",14100,PHL,"Philadelphia, PA",1031,1022.0,-9.0,33.0,1055.0,1153.0,9.0,1155,1202.0,7.0,0,,0,N,84.0,100.0,58.0,1,257,,,,,,,,,,Rochester,43.11887,-77.67238,cloudy
332,332,1550448000,AA,AA_CODESHARE,AA,4977,PT,N683AE,4977,14576,ROC,"Rochester, NY",14100,PHL,"Philadelphia, PA",1031,1022.0,-9.0,33.0,1055.0,1153.0,9.0,1155,1202.0,7.0,0,,0,N,84.0,100.0,58.0,1,257,,,,,,,,,,Rochester,43.90883,-92.49799,cloudy
333,333,1516924800,AA,AA_CODESHARE,AA,3304,MQ,N535EA,3304,14576,ROC,"Rochester, NY",13930,ORD,"Chicago, IL",1516,1504.0,-12.0,9.0,1513.0,1534.0,10.0,1614,1544.0,-30.0,0,,0,N,118.0,100.0,81.0,1,528,,,,,,,,,,Rochester,43.11887,-77.67238,cloudy
335,335,1516752000,WN,WN,WN,1247,WN,N216WR,1247,14576,ROC,"Rochester, NY",10821,BWI,"Baltimore, MD",1105,1103.0,-2.0,23.0,1126.0,1219.0,3.0,1215,1222.0,7.0,0,,0,N,70.0,79.0,53.0,1,277,,,,,,,,,,Rochester,43.11887,-77.67238,cloudy
339,339,1515456000,AA,AA_CODESHARE,AA,4326,AX,N607AE,4326,14576,ROC,"Rochester, NY",11278,DCA,"Washington, DC",1158,1505.0,187.0,7.0,1512.0,1613.0,4.0,1323,1617.0,174.0,0,,0,N,85.0,72.0,61.0,1,296,0.0,0.0,0.0,0.0,174.0,,,,,Rochester,43.11887,-77.67238,cloudy
341,341,1550016000,B6,B6,B6,485,B6,N373JB,485,14576,ROC,"Rochester, NY",12478,JFK,"New York, NY",1441,1725.0,164.0,48.0,1813.0,1914.0,8.0,1600,1922.0,202.0,0,,0,N,79.0,117.0,61.0,1,264,21.0,0.0,38.0,0.0,143.0,,,,,Rochester,43.11887,-77.67238,rain
344,344,1543795200,DL,DL,DL,1038,DL,N935DN,1038,14576,ROC,"Rochester, NY",10397,ATL,"Atlanta, GA",1215,1203.0,-12.0,12.0,1215.0,1415.0,4.0,1446,1419.0,-27.0,0,,0,N,151.0,136.0,120.0,1,749,,,,,,,,,,Rochester,43.90883,-92.49799,cloudy
347,347,1517788800,AA,AA_CODESHARE,AA,3821,MQ,N535EA,3821,14576,ROC,"Rochester, NY",13930,ORD,"Chicago, IL",1807,,,,,,,1919,,,1,C,0,N,132.0,,,1,528,,,,,,,,,,Rochester,43.11887,-77.67238,cloudy
349,349,1515369600,DL,DL_CODESHARE,DL,5585,EV,N748EV,5585,14633,RST,"Rochester, MN",10397,ATL,"Atlanta, GA",1555,2210.0,375.0,8.0,2218.0,53.0,5.0,1915,58.0,343.0,0,,0,N,140.0,108.0,95.0,1,831,0.0,0.0,0.0,0.0,343.0,,,,,Rochester,43.11887,-77.67238,cloudy
350,350,1515369600,DL,DL_CODESHARE,DL,5585,EV,N748EV,5585,14633,RST,"Rochester, MN",10397,ATL,"Atlanta, GA",1555,2210.0,375.0,8.0,2218.0,53.0,5.0,1915,58.0,343.0,0,,0,N,140.0,108.0,95.0,1,831,0.0,0.0,0.0,0.0,343.0,,,,,Rochester,43.90883,-92.49799,cloudy
354,354,1548633600,AA,AA_CODESHARE,AA,3838,MQ,N532EA,3838,14576,ROC,"Rochester, NY",13930,ORD,"Chicago, IL",1128,1258.0,90.0,106.0,1444.0,1515.0,31.0,1234,1546.0,192.0,0,,0,N,126.0,228.0,91.0,1,528,0.0,0.0,192.0,0.0,0.0,,,,,Rochester,43.90883,-92.49799,cloudy
356,356,1549843200,AA,AA_CODESHARE,AA,4918,PT,N641AE,4918,14576,ROC,"Rochester, NY",14100,PHL,"Philadelphia, PA",1810,1809.0,-1.0,15.0,1824.0,1918.0,8.0,1940,1926.0,-14.0,0,,0,N,90.0,77.0,54.0,1,257,,,,,,,,,,Rochester,43.90883,-92.49799,cloudy
357,357,1546560000,AA,AA_CODESHARE,AA,4791,PT,N654AE,4791,14576,ROC,"Rochester, NY",10721,BOS,"Boston, MA",955,945.0,-10.0,10.0,955.0,1043.0,12.0,1125,1055.0,-30.0,0,,0,N,90.0,70.0,48.0,1,343,,,,,,,,,,Rochester,43.11887,-77.67238,cloudy
359,359,1546732800,DL,DL,DL,880,DL,N913DN,880,14576,ROC,"Rochester, NY",10397,ATL,"Atlanta, GA",1759,1806.0,7.0,12.0,1818.0,1956.0,6.0,2019,2002.0,-17.0,0,,0,N,140.0,116.0,98.0,1,749,,,,,,,,,,Rochester,43.11887,-77.67238,cloudy
361,361,1515542400,AA,AA_CODESHARE,AA,5494,OH,N580NN,5494,14576,ROC,"Rochester, NY",11057,CLT,"Charlotte, NC",1903,1855.0,-8.0,8.0,1903.0,2038.0,7.0,2110,2045.0,-25.0,0,,0,N,127.0,110.0,95.0,1,573,,,,,,,,,,Rochester,43.11887,-77.67238,cloudy
364,364,1576540800,AA,AA_CODESHARE,AA,3947,MQ,N273NN,3947,14576,ROC,"Rochester, NY",13930,ORD,"Chicago, IL",1813,1810.0,-3.0,41.0,1851.0,1921.0,16.0,1920,1937.0,17.0,0,,0,N,127.0,147.0,90.0,1,528,0.0,0.0,17.0,0.0,0.0,,,,,Rochester,43.90883,-92.49799,cloudy
366,366,1576108800,UA,UA_CODESHARE,UA,4194,EV,N12540,4194,14576,ROC,"Rochester, NY",11618,EWR,"Newark, NJ",1450,1444.0,-6.0,13.0,1457.0,1550.0,10.0,1627,1600.0,-27.0,0,,0,N,97.0,76.0,53.0,1,246,,,,,,,,,,Rochester,43.90883,-92.49799,cloudy
367,367,1547596800,AA,AA_CODESHARE,AA,5412,OH,N246PS,5412,14576,ROC,"Rochester, NY",11278,DCA,"Washington, DC",510,506.0,-4.0,22.0,528.0,619.0,4.0,643,623.0,-20.0,0,,0,N,93.0,77.0,51.0,1,296,,,,,,,,,,Rochester,43.11887,-77.67238,cloudy
368,368,1547596800,AA,AA_CODESHARE,AA,5412,OH,N246PS,5412,14576,ROC,"Rochester, NY",11278,DCA,"Washington, DC",510,506.0,-4.0,22.0,528.0,619.0,4.0,643,623.0,-20.0,0,,0,N,93.0,77.0,51.0,1,296,,,,,,,,,,Rochester,43.90883,-92.49799,cloudy
370,370,1549843200,DL,DL_CODESHARE,DL,3373,9E,N600LR,3373,14576,ROC,"Rochester, NY",12478,JFK,"New York, NY",1320,1317.0,-3.0,12.0,1329.0,1420.0,7.0,1448,1427.0,-21.0,0,,0,N,88.0,70.0,51.0,1,264,,,,,,,,,,Rochester,43.90883,-92.49799,cloudy
371,371,1551312000,DL,DL_CODESHARE,DL,5907,YX,N824MD,5907,14576,ROC,"Rochester, NY",12953,LGA,"New York, NY",1759,1859.0,60.0,8.0,1907.0,2001.0,8.0,1930,2009.0,39.0,0,,0,N,91.0,70.0,54.0,1,254,8.0,0.0,0.0,0.0,31.0,,,,,Rochester,43.11887,-77.67238,snow
374,374,1576108800,DL,DL_CODESHARE,DL,3693,OO,N162PQ,3693,14576,ROC,"Rochester, NY",13487,MSP,"Minneapolis, MN",620,615.0,-5.0,19.0,634.0,756.0,3.0,808,759.0,-9.0,0,,0,N,168.0,164.0,142.0,1,783,,,,,,,,,,Rochester,43.90883,-92.49799,cloudy
377,377,1545955200,B6,B6,B6,485,B6,N258JB,485,14576,ROC,"Rochester, NY",12478,JFK,"New York, NY",916,903.0,-13.0,10.0,913.0,1012.0,7.0,1036,1019.0,-17.0,0,,0,N,80.0,76.0,59.0,1,264,,,,,,,,,,Rochester,43.11887,-77.67238,cloudy
379,379,1517529600,UA,UA_CODESHARE,UA,3877,ZW,N431AW,3877,14576,ROC,"Rochester, NY",13930,ORD,"Chicago, IL",1705,1717.0,12.0,25.0,1742.0,1815.0,12.0,1811,1827.0,16.0,0,,0,N,126.0,130.0,93.0,1,528,0.0,0.0,4.0,0.0,12.0,,,,,Rochester,43.11887,-77.67238,cloudy
383,383,1547424000,UA,UA_CODESHARE,UA,4434,EV,N905EV,4434,14633,RST,"Rochester, MN",13930,ORD,"Chicago, IL",1151,1144.0,-7.0,21.0,1205.0,1258.0,16.0,1320,1314.0,-6.0,0,,0,N,89.0,90.0,53.0,1,268,,,,,,,,,,Rochester,43.11887,-77.67238,cloudy
385,385,1517097600,WN,WN,WN,3797,WN,N269WN,3797,14576,ROC,"Rochester, NY",10821,BWI,"Baltimore, MD",620,620.0,0.0,8.0,628.0,730.0,3.0,745,733.0,-12.0,0,,0,N,85.0,73.0,62.0,1,277,,,,,,,,,,Rochester,43.11887,-77.67238,rain
389,389,1515024000,DL,DL_CODESHARE,DL,3414,9E,N336PQ,3414,14576,ROC,"Rochester, NY",11433,DTW,"Detroit, MI",605,600.0,-5.0,9.0,609.0,707.0,7.0,746,714.0,-32.0,0,,0,N,101.0,74.0,58.0,1,296,,,,,,,,,,Rochester,43.11887,-77.67238,cloudy
391,391,1516924800,DL,DL_CODESHARE,DL,3547,OO,N496CA,3547,14633,RST,"Rochester, MN",13487,MSP,"Minneapolis, MN",1230,1218.0,-12.0,16.0,1234.0,1256.0,9.0,1331,1305.0,-26.0,0,,0,N,61.0,47.0,22.0,1,76,,,,,,,,,,Rochester,43.11887,-77.67238,cloudy
393,393,1577491200,DL,DL_CODESHARE,DL,3578,OO,N446SW,3578,14633,RST,"Rochester, MN",13487,MSP,"Minneapolis, MN",1246,1243.0,-3.0,10.0,1253.0,1324.0,5.0,1350,1329.0,-21.0,0,,0,N,64.0,46.0,31.0,1,76,,,,,,,,,,Rochester,43.11887,-77.67238,cloudy
395,395,1577404800,WN,WN,WN,1577,WN,N463WN,1577,14576,ROC,"Rochester, NY",10821,BWI,"Baltimore, MD",1110,1121.0,11.0,10.0,1131.0,1221.0,2.0,1220,1223.0,3.0,0,,0,N,70.0,62.0,50.0,1,277,,,,,,,,,,Rochester,43.11887,-77.67238,cloudy
396,396,1577404800,WN,WN,WN,1577,WN,N463WN,1577,14576,ROC,"Rochester, NY",10821,BWI,"Baltimore, MD",1110,1121.0,11.0,10.0,1131.0,1221.0,2.0,1220,1223.0,3.0,0,,0,N,70.0,62.0,50.0,1,277,,,,,,,,,,Rochester,43.90883,-92.49799,cloudy
398,398,1543795200,DL,DL_CODESHARE,DL,5512,9E,N836AY,5512,14576,ROC,"Rochester, NY",12953,LGA,"New York, NY",1007,1015.0,8.0,8.0,1023.0,1113.0,9.0,1138,1122.0,-16.0,0,,0,N,91.0,67.0,50.0,1,254,,,,,,,,,,Rochester,43.90883,-92.49799,cloudy
401,401,1545782400,UA,UA_CODESHARE,UA,4520,G7,N173GJ,4520,14576,ROC,"Rochester, NY",13930,ORD,"Chicago, IL",810,756.0,-14.0,16.0,812.0,841.0,12.0,918,853.0,-25.0,0,,0,N,128.0,117.0,89.0,1,528,,,,,,,,,,Rochester,43.11887,-77.67238,cloudy
402,402,1545782400,UA,UA_CODESHARE,UA,4520,G7,N173GJ,4520,14576,ROC,"Rochester, NY",13930,ORD,"Chicago, IL",810,756.0,-14.0,16.0,812.0,841.0,12.0,918,853.0,-25.0,0,,0,N,128.0,117.0,89.0,1,528,,,,,,,,,,Rochester,43.90883,-92.49799,cloudy
403,403,1519516800,B6,B6,B6,585,B6,N273JB,585,14576,ROC,"Rochester, NY",12478,JFK,"New York, NY",1600,1637.0,37.0,14.0,1651.0,1744.0,10.0,1721,1754.0,33.0,0,,0,N,81.0,77.0,53.0,1,264,8.0,0.0,0.0,0.0,25.0,,,,,Rochester,43.11887,-77.67238,cloudy
404,404,1519516800,B6,B6,B6,585,B6,N273JB,585,14576,ROC,"Rochester, NY",12478,JFK,"New York, NY",1600,1637.0,37.0,14.0,1651.0,1744.0,10.0,1721,1754.0,33.0,0,,0,N,81.0,77.0,53.0,1,264,8.0,0.0,0.0,0.0,25.0,,,,,Rochester,43.90883,-92.49799,snow
407,407,1575331200,WN,WN,WN,645,WN,N950WN,645,14576,ROC,"Rochester, NY",10821,BWI,"Baltimore, MD",1740,1759.0,19.0,9.0,1808.0,1850.0,22.0,1850,1912.0,22.0,0,,0,N,70.0,73.0,42.0,1,277,11.0,0.0,3.0,0.0,8.0,,,,,Rochester,43.11887,-77.67238,cloudy
409,409,1546905600,UA,UA_CODESHARE,UA,3701,YX,N635RW,3701,14576,ROC,"Rochester, NY",13930,ORD,"Chicago, IL",730,724.0,-6.0,15.0,739.0,809.0,9.0,840,818.0,-22.0,0,,0,N,130.0,114.0,90.0,1,528,,,,,,,,,,Rochester,43.11887,-77.67238,cloudy
410,410,1546905600,UA,UA_CODESHARE,UA,3701,YX,N635RW,3701,14576,ROC,"Rochester, NY",13930,ORD,"Chicago, IL",730,724.0,-6.0,15.0,739.0,809.0,9.0,840,818.0,-22.0,0,,0,N,130.0,114.0,90.0,1,528,,,,,,,,,,Rochester,43.90883,-92.49799,cloudy
411,411,1547769600,UA,UA_CODESHARE,UA,3876,ZW,N434AW,3876,14576,ROC,"Rochester, NY",13930,ORD,"Chicago, IL",1230,1227.0,-3.0,32.0,1259.0,1338.0,44.0,1342,1422.0,40.0,0,,0,N,132.0,175.0,99.0,1,528,0.0,0.0,40.0,0.0,0.0,,,,,Rochester,43.11887,-77.67238,cloudy
412,412,1547769600,UA,UA_CODESHARE,UA,3876,ZW,N434AW,3876,14576,ROC,"Rochester, NY",13930,ORD,"Chicago, IL",1230,1227.0,-3.0,32.0,1259.0,1338.0,44.0,1342,1422.0,40.0,0,,0,N,132.0,175.0,99.0,1,528,0.0,0.0,40.0,0.0,0.0,,,,,Rochester,43.90883,-92.49799,cloudy
413,413,1515801600,DL,DL_CODESHARE,DL,3841,9E,N293PQ,3841,14576,ROC,"Rochester, NY",12953,LGA,"New York, NY",720,713.0,-7.0,30.0,743.0,837.0,5.0,855,842.0,-13.0,0,,0,N,95.0,89.0,54.0,1,254,,,,,,,,,,Rochester,43.11887,-77.67238,snow
415,415,1549584000,AA,AA_CODESHARE,AA,5109,OH,N591NN,5109,14576,ROC,"Rochester, NY",11057,CLT,"Charlotte, NC",1506,1459.0,-7.0,48.0,1547.0,1734.0,5.0,1728,1739.0,11.0,0,,0,N,142.0,160.0,107.0,1,573,,,,,,,,,,Rochester,43.11887,-77.67238,rain
418,418,1576454400,AA,AA_CODESHARE,AA,4722,PT,N638AE,4722,14576,ROC,"Rochester, NY",10721,BOS,"Boston, MA",1722,1909.0,107.0,9.0,1918.0,2010.0,5.0,1846,2015.0,89.0,0,,0,N,84.0,66.0,52.0,1,343,0.0,0.0,0.0,0.0,89.0,,,,,Rochester,43.90883,-92.49799,cloudy
419,419,1516060800,AA,AA_CODESHARE,AA,4580,YX,N435YX,4580,14576,ROC,"Rochester, NY",14100,PHL,"Philadelphia, PA",1520,1506.0,-14.0,9.0,1515.0,1614.0,6.0,1638,1620.0,-18.0,0,,0,N,78.0,74.0,59.0,1,257,,,,,,,,,,Rochester,43.11887,-77.67238,cloudy
420,420,1516060800,AA,AA_CODESHARE,AA,4580,YX,N435YX,4580,14576,ROC,"Rochester, NY",14100,PHL,"Philadelphia, PA",1520,1506.0,-14.0,9.0,1515.0,1614.0,6.0,1638,1620.0,-18.0,0,,0,N,78.0,74.0,59.0,1,257,,,,,,,,,,Rochester,43.90883,-92.49799,snow
421,421,1577491200,AA,AA_CODESHARE,AA,4718,PT,N639AE,4718,14576,ROC,"Rochester, NY",10721,BOS,"Boston, MA",1027,1043.0,16.0,9.0,1052.0,1147.0,5.0,1156,1152.0,-4.0,0,,0,N,89.0,69.0,55.0,1,343,,,,,,,,,,Rochester,43.11887,-77.67238,cloudy
424,424,1546128000,WN,WN,WN,3759,WN,N962WN,3759,14576,ROC,"Rochester, NY",10821,BWI,"Baltimore, MD",545,546.0,1.0,33.0,619.0,705.0,5.0,700,710.0,10.0,0,,0,N,75.0,84.0,46.0,1,277,,,,,,,,,,Rochester,43.90883,-92.49799,snow
425,425,1518048000,AA,AA_CODESHARE,AA,3403,MQ,N677AE,3403,14633,RST,"Rochester, MN",13930,ORD,"Chicago, IL",957,949.0,-8.0,9.0,958.0,1050.0,12.0,1123,1102.0,-21.0,0,,0,N,86.0,73.0,52.0,1,268,,,,,,,,,,Rochester,43.11887,-77.67238,cloudy
433,433,1517356800,DL,DL_CODESHARE,DL,5585,EV,N754EV,5585,14633,RST,"Rochester, MN",10397,ATL,"Atlanta, GA",1555,1552.0,-3.0,16.0,1608.0,1851.0,7.0,1915,1858.0,-17.0,0,,0,N,140.0,126.0,103.0,1,831,,,,,,,,,,Rochester,43.11887,-77.67238,cloudy
435,435,1550966400,WN,WN,WN,5006,WN,N7884G,5006,14576,ROC,"Rochester, NY",10821,BWI,"Baltimore, MD",1135,1137.0,2.0,12.0,1149.0,1239.0,12.0,1250,1251.0,1.0,0,,0,N,75.0,74.0,50.0,1,277,,,,,,,,,,Rochester,43.11887,-77.67238,cloudy
436,436,1550966400,WN,WN,WN,5006,WN,N7884G,5006,14576,ROC,"Rochester, NY",10821,BWI,"Baltimore, MD",1135,1137.0,2.0,12.0,1149.0,1239.0,12.0,1250,1251.0,1.0,0,,0,N,75.0,74.0,50.0,1,277,,,,,,,,,,Rochester,43.90883,-92.49799,snow
438,438,1548979200,AA,AA_CODESHARE,AA,4977,PT,N649AE,4977,14576,ROC,"Rochester, NY",14100,PHL,"Philadelphia, PA",1024,1046.0,22.0,12.0,1058.0,1147.0,8.0,1150,1155.0,5.0,0,,0,N,86.0,69.0,49.0,1,257,,,,,,,,,,Rochester,43.90883,-92.49799,cloudy
439,439,1547856000,DL,DL_CODESHARE,DL,3371,9E,N914XJ,3371,14576,ROC,"Rochester, NY",12478,JFK,"New York, NY",520,520.0,0.0,28.0,548.0,646.0,9.0,656,655.0,-1.0,0,,0,N,96.0,95.0,58.0,1,264,,,,,,,,,,Rochester,43.11887,-77.67238,cloudy
440,440,1547856000,DL,DL_CODESHARE,DL,3371,9E,N914XJ,3371,14576,ROC,"Rochester, NY",12478,JFK,"New York, NY",520,520.0,0.0,28.0,548.0,646.0,9.0,656,655.0,-1.0,0,,0,N,96.0,95.0,58.0,1,264,,,,,,,,,,Rochester,43.90883,-92.49799,snow
441,441,1518048000,DL,DL_CODESHARE,DL,5585,EV,N738EV,5585,14633,RST,"Rochester, MN",10397,ATL,"Atlanta, GA",1555,1552.0,-3.0,16.0,1608.0,1852.0,7.0,1915,1859.0,-16.0,0,,0,N,140.0,127.0,104.0,1,831,,,,,,,,,,Rochester,43.11887,-77.67238,cloudy
443,443,1544572800,DL,DL_CODESHARE,DL,3756,OO,N805SK,3756,14576,ROC,"Rochester, NY",11433,DTW,"Detroit, MI",600,555.0,-5.0,18.0,613.0,712.0,9.0,745,721.0,-24.0,0,,0,N,105.0,86.0,59.0,1,296,,,,,,,,,,Rochester,43.11887,-77.67238,cloudy
446,446,1515110400,AA,AA_CODESHARE,AA,3104,OO,N652BR,3104,14633,RST,"Rochester, MN",13930,ORD,"Chicago, IL",605,600.0,-5.0,45.0,645.0,734.0,15.0,743,749.0,6.0,0,,0,N,98.0,109.0,49.0,1,268,,,,,,,,,,Rochester,43.90883,-92.49799,cloudy
453,453,1546560000,DL,DL_CODESHARE,DL,4561,OO,N935SW,4561,14633,RST,"Rochester, MN",13487,MSP,"Minneapolis, MN",1247,1241.0,-6.0,9.0,1250.0,1313.0,4.0,1350,1317.0,-33.0,0,,0,N,63.0,36.0,23.0,1,76,,,,,,,,,,Rochester,43.11887,-77.67238,cloudy
455,455,1575244800,AA,AA_CODESHARE,AA,4935,PT,N603KC,4935,14576,ROC,"Rochester, NY",10721,BOS,"Boston, MA",1715,1801.0,46.0,32.0,1833.0,1958.0,23.0,1839,2021.0,102.0,0,,0,N,84.0,140.0,85.0,1,343,0.0,0.0,69.0,0.0,33.0,,,,,Rochester,43.11887,-77.67238,cloudy
456,456,1575244800,AA,AA_CODESHARE,AA,4935,PT,N603KC,4935,14576,ROC,"Rochester, NY",10721,BOS,"Boston, MA",1715,1801.0,46.0,32.0,1833.0,1958.0,23.0,1839,2021.0,102.0,0,,0,N,84.0,140.0,85.0,1,343,0.0,0.0,69.0,0.0,33.0,,,,,Rochester,43.90883,-92.49799,cloudy
457,457,1519516800,UA,UA,UA,518,UA,N62892,518,14576,ROC,"Rochester, NY",13930,ORD,"Chicago, IL",1741,1726.0,-15.0,14.0,1740.0,1819.0,11.0,1848,1830.0,-18.0,0,,0,N,127.0,124.0,99.0,1,528,,,,,,,,,,Rochester,43.11887,-77.67238,cloudy
458,458,1519516800,UA,UA,UA,518,UA,N62892,518,14576,ROC,"Rochester, NY",13930,ORD,"Chicago, IL",1741,1726.0,-15.0,14.0,1740.0,1819.0,11.0,1848,1830.0,-18.0,0,,0,N,127.0,124.0,99.0,1,528,,,,,,,,,,Rochester,43.90883,-92.49799,snow
461,461,1545609600,AA,AA_CODESHARE,AA,3892,MQ,N932AE,3892,14633,RST,"Rochester, MN",13930,ORD,"Chicago, IL",557,548.0,-9.0,33.0,621.0,708.0,23.0,734,731.0,-3.0,0,,0,N,97.0,103.0,47.0,1,268,,,,,,,,,,Rochester,43.11887,-77.67238,cloudy
462,462,1545609600,AA,AA_CODESHARE,AA,3892,MQ,N932AE,3892,14633,RST,"Rochester, MN",13930,ORD,"Chicago, IL",557,548.0,-9.0,33.0,621.0,708.0,23.0,734,731.0,-3.0,0,,0,N,97.0,103.0,47.0,1,268,,,,,,,,,,Rochester,43.90883,-92.49799,cloudy
463,463,1517788800,UA,UA_CODESHARE,UA,3914,ZW,N438AW,3914,14576,ROC,"Rochester, NY",12264,IAD,"Washington, DC",1950,2120.0,90.0,10.0,2130.0,2225.0,4.0,2108,2229.0,81.0,0,,0,N,78.0,69.0,55.0,1,288,0.0,0.0,0.0,0.0,81.0,,,,,Rochester,43.11887,-77.67238,cloudy
467,467,1547942400,AA,AA_CODESHARE,AA,3892,MQ,N677AE,3892,14633,RST,"Rochester, MN",13930,ORD,"Chicago, IL",559,551.0,-8.0,115.0,746.0,836.0,16.0,739,852.0,73.0,0,,0,N,100.0,181.0,50.0,1,268,0.0,0.0,73.0,0.0,0.0,,,,,Rochester,43.11887,-77.67238,snow
469,469,1519516800,DL,DL_CODESHARE,DL,3860,9E,N905XJ,3860,14576,ROC,"Rochester, NY",12478,JFK,"New York, NY",1159,1554.0,235.0,15.0,1609.0,1702.0,11.0,1327,1713.0,226.0,0,,0,N,88.0,79.0,53.0,1,264,1.0,0.0,0.0,0.0,225.0,,,,,Rochester,43.11887,-77.67238,cloudy
470,470,1519516800,DL,DL_CODESHARE,DL,3860,9E,N905XJ,3860,14576,ROC,"Rochester, NY",12478,JFK,"New York, NY",1159,1554.0,235.0,15.0,1609.0,1702.0,11.0,1327,1713.0,226.0,0,,0,N,88.0,79.0,53.0,1,264,1.0,0.0,0.0,0.0,225.0,,,,,Rochester,43.90883,-92.49799,snow
471,471,1517097600,AA,AA_CODESHARE,AA,5645,OH,N226JS,5645,14576,ROC,"Rochester, NY",11278,DCA,"Washington, DC",1159,1153.0,-6.0,6.0,1159.0,1302.0,5.0,1317,1307.0,-10.0,0,,0,N,78.0,74.0,63.0,1,296,,,,,,,,,,Rochester,43.11887,-77.67238,rain
473,473,1545436800,DL,DL_CODESHARE,DL,3520,OO,N936EV,3520,14576,ROC,"Rochester, NY",11433,DTW,"Detroit, MI",930,954.0,24.0,22.0,1016.0,1109.0,7.0,1102,1116.0,14.0,0,,0,N,92.0,82.0,53.0,1,296,,,,,,,,,,Rochester,43.11887,-77.67238,rain
474,474,1545436800,DL,DL_CODESHARE,DL,3520,OO,N936EV,3520,14576,ROC,"Rochester, NY",11433,DTW,"Detroit, MI",930,954.0,24.0,22.0,1016.0,1109.0,7.0,1102,1116.0,14.0,0,,0,N,92.0,82.0,53.0,1,296,,,,,,,,,,Rochester,43.90883,-92.49799,cloudy
475,475,1519430400,DL,DL_CODESHARE,DL,5439,EV,N752EV,5439,14576,ROC,"Rochester, NY",12953,LGA,"New York, NY",720,712.0,-8.0,18.0,730.0,814.0,10.0,852,824.0,-28.0,0,,0,N,92.0,72.0,44.0,1,254,,,,,,,,,,Rochester,43.11887,-77.67238,rain
478,478,1549929600,DL,DL,DL,879,DL,N925DN,879,14576,ROC,"Rochester, NY",10397,ATL,"Atlanta, GA",1201,1202.0,1.0,34.0,1236.0,1508.0,10.0,1420,1518.0,58.0,0,,0,N,139.0,196.0,152.0,1,749,0.0,0.0,58.0,0.0,0.0,,,,,Rochester,43.90883,-92.49799,cloudy
480,480,1516838400,DL,DL,DL,2146,DL,N919DL,2146,14576,ROC,"Rochester, NY",10397,ATL,"Atlanta, GA",1154,1151.0,-3.0,11.0,1202.0,1350.0,7.0,1420,1357.0,-23.0,0,,0,N,146.0,126.0,108.0,1,749,,,,,,,,,,Rochester,43.90883,-92.49799,cloudy
482,482,1577577600,B6,B6,B6,685,B6,N179JB,685,14576,ROC,"Rochester, NY",12478,JFK,"New York, NY",1510,1521.0,11.0,25.0,1546.0,1635.0,5.0,1629,1640.0,11.0,0,,0,N,79.0,79.0,49.0,1,264,,,,,,,,,,Rochester,43.90883,-92.49799,cloudy
483,483,1518998400,AS,AS,AS,82,AS,N283AK,82,10299,ANC,"Anchorage, AK",14747,SEA,"Seattle, WA",1755,1742.0,-13.0,13.0,1755.0,2144.0,13.0,2223,2157.0,-26.0,0,,0,N,208.0,195.0,169.0,1,1448,,,,,,,,,,Anchorage,61.17432,-149.99618999999996,cloudy
484,484,1514764800,AS,AS,AS,174,AS,N530AS,174,10299,ANC,"Anchorage, AK",12889,LAS,"Las Vegas, NV",25,12.0,-13.0,11.0,23.0,557.0,7.0,630,604.0,-26.0,0,,0,N,305.0,292.0,274.0,1,2304,,,,,,,,,,Anchorage,61.17432,-149.99618999999996,sunny
485,485,1519430400,AS,AS,AS,134,AS,N577AS,134,10299,ANC,"Anchorage, AK",14057,PDX,"Portland, OR",35,29.0,-6.0,16.0,45.0,440.0,4.0,502,444.0,-18.0,0,,0,N,207.0,195.0,175.0,1,1542,,,,,,,,,,Anchorage,61.17432,-149.99618999999996,sunny
486,486,1549584000,AS,AS,AS,47,AS,N644AS,47,10299,ANC,"Anchorage, AK",10170,ADQ,"Kodiak, AK",615,602.0,-13.0,19.0,621.0,707.0,2.0,720,709.0,-11.0,0,,0,N,65.0,67.0,46.0,1,253,,,,,,,,,,Anchorage,61.17432,-149.99618999999996,cloudy
487,487,1577404800,AS,AS,AS,66,AS,N614AS,66,10299,ANC,"Anchorage, AK",10926,CDV,"Cordova, AK",1520,1514.0,-6.0,11.0,1525.0,1556.0,3.0,1614,1559.0,-15.0,0,,0,N,54.0,45.0,31.0,1,160,,,,,,,,,,Anchorage,61.17432,-149.99618999999996,cloudy
488,488,1514937600,AS,AS_CODESHARE,AS,2811,QX,N452QX,2811,10299,ANC,"Anchorage, AK",11630,FAI,"Fairbanks, AK",1810,1758.0,-12.0,11.0,1809.0,1857.0,3.0,1918,1900.0,-18.0,0,,0,N,68.0,62.0,48.0,1,261,,,,,,,,,,Anchorage,61.17432,-149.99618999999996,sunny
489,489,1546732800,AS,AS,AS,179,AS,N611AS,179,10299,ANC,"Anchorage, AK",11630,FAI,"Fairbanks, AK",1451,1457.0,6.0,8.0,1505.0,1549.0,4.0,1551,1553.0,2.0,0,,0,N,60.0,56.0,44.0,1,261,,,,,,,,,,Anchorage,61.17432,-149.99618999999996,sunny
490,490,1548806400,AS,AS,AS,62,AS,N583AS,62,10299,ANC,"Anchorage, AK",12523,JNU,"Juneau, AK",810,802.0,-8.0,10.0,812.0,929.0,4.0,950,933.0,-17.0,0,,0,N,100.0,91.0,77.0,1,571,,,,,,,,,,Anchorage,61.17432,-149.99618999999996,rain
491,491,1577059200,AS,AS,AS,238,AS,N278AK,238,10299,ANC,"Anchorage, AK",14747,SEA,"Seattle, WA",700,657.0,-3.0,18.0,715.0,1115.0,11.0,1135,1126.0,-9.0,0,,0,N,215.0,209.0,180.0,1,1448,,,,,,,,,,Anchorage,61.17432,-149.99618999999996,cloudy
492,492,1548288000,AS,AS,AS,45,AS,N551AS,45,10299,ANC,"Anchorage, AK",10551,BET,"Bethel, AK",1845,1830.0,-15.0,13.0,1843.0,1948.0,4.0,2005,1952.0,-13.0,0,,0,N,80.0,82.0,65.0,1,399,,,,,,,,,,Anchorage,61.17432,-149.99618999999996,cloudy
493,493,1551052800,AS,AS,AS,179,AS,N592AS,179,10299,ANC,"Anchorage, AK",11630,FAI,"Fairbanks, AK",1510,1500.0,-10.0,13.0,1513.0,1552.0,4.0,1610,1556.0,-14.0,0,,0,N,60.0,56.0,39.0,1,261,,,,,,,,,,Anchorage,61.17432,-149.99618999999996,sunny
494,494,1517702400,AS,AS,AS,114,AS,N464AS,114,10299,ANC,"Anchorage, AK",14747,SEA,"Seattle, WA",630,618.0,-12.0,23.0,641.0,1046.0,7.0,1101,1053.0,-8.0,0,,0,N,211.0,215.0,185.0,1,1448,,,,,,,,,,Anchorage,61.17432,-149.99618999999996,sunny
495,495,1516924800,AS,AS,AS,140,AS,N523AS,140,10299,ANC,"Anchorage, AK",14057,PDX,"Portland, OR",1130,1204.0,34.0,14.0,1218.0,1642.0,5.0,1607,1647.0,40.0,0,,0,N,217.0,223.0,204.0,1,1542,0.0,0.0,6.0,0.0,34.0,,,,,Anchorage,61.17432,-149.99618999999996,snow
496,496,1548115200,UA,UA,UA,1104,UA,N78506,1104,10299,ANC,"Anchorage, AK",11292,DEN,"Denver, CO",2335,2326.0,-9.0,12.0,2338.0,604.0,7.0,647,611.0,-36.0,0,,0,N,312.0,285.0,266.0,1,2405,,,,,,,,,,Anchorage,61.17432,-149.99618999999996,snow
497,497,1547683200,AS,AS,AS,828,AS,N585AS,828,10299,ANC,"Anchorage, AK",12173,HNL,"Honolulu, HI",1525,1516.0,-9.0,13.0,1529.0,2034.0,8.0,2045,2042.0,-3.0,0,,0,N,380.0,386.0,365.0,1,2777,,,,,,,,,,Anchorage,61.17432,-149.99618999999996,cloudy
498,498,1577664000,AS,AS,AS,50,AS,N607AS,50,10299,ANC,"Anchorage, AK",14709,SCC,"Deadhorse, AK",1545,1559.0,14.0,7.0,1606.0,1726.0,4.0,1727,1730.0,3.0,0,,0,N,102.0,91.0,80.0,1,626,,,,,,,,,,Anchorage,61.17432,-149.99618999999996,sunny
499,499,1547164800,AS,AS_CODESHARE,AS,3284,KS,N682PA,3284,10299,ANC,"Anchorage, AK",11445,DUT,"Unalaska, AK",1410,1508.0,58.0,6.0,1514.0,1736.0,3.0,1625,1739.0,74.0,0,,0,N,135.0,151.0,142.0,1,792,0.0,0.0,16.0,0.0,58.0,,,,,Anchorage,61.17432,-149.99618999999996,sunny
500,500,1576540800,AS,AS,AS,43,AS,N587AS,43,10299,ANC,"Anchorage, AK",10551,BET,"Bethel, AK",1040,1035.0,-5.0,9.0,1044.0,1141.0,5.0,1202,1146.0,-16.0,0,,0,N,82.0,71.0,57.0,1,399,,,,,,,,,,Anchorage,61.17432,-149.99618999999996,sunny
501,501,1517529600,AS,AS,AS,694,AS,N538AS,694,10299,ANC,"Anchorage, AK",11630,FAI,"Fairbanks, AK",950,936.0,-14.0,13.0,949.0,1032.0,2.0,1047,1034.0,-13.0,0,,0,N,57.0,58.0,43.0,1,261,,,,,,,,,,Anchorage,61.17432,-149.99618999999996,sunny
502,502,1518998400,AS,AS,AS,70,AS,N556AS,70,10299,ANC,"Anchorage, AK",12523,JNU,"Juneau, AK",2005,1953.0,-12.0,14.0,2007.0,2123.0,4.0,2144,2127.0,-17.0,0,,0,N,99.0,94.0,76.0,1,571,,,,,,,,,,Anchorage,61.17432,-149.99618999999996,cloudy
503,503,1516752000,AS,AS,AS,108,AS,N282AK,108,10299,ANC,"Anchorage, AK",14747,SEA,"Seattle, WA",55,113.0,18.0,15.0,128.0,529.0,6.0,522,535.0,13.0,0,,0,N,207.0,202.0,181.0,1,1448,,,,,,,,,,Anchorage,61.17432,-149.99618999999996,cloudy
504,504,1546992000,AS,AS,AS,64,AS,N615AS,64,10299,ANC,"Anchorage, AK",12523,JNU,"Juneau, AK",1120,1124.0,4.0,13.0,1137.0,1259.0,3.0,1300,1302.0,2.0,0,,0,N,100.0,98.0,82.0,1,571,,,,,,,,,,Anchorage,61.17432,-149.99618999999996,sunny
505,505,1544400000,AS,AS,AS,62,AS,N585AS,62,10299,ANC,"Anchorage, AK",12523,JNU,"Juneau, AK",750,812.0,22.0,22.0,834.0,951.0,4.0,927,955.0,28.0,0,,0,N,97.0,103.0,77.0,1,571,22.0,0.0,6.0,0.0,0.0,,,,,Anchorage,61.17432,-149.99618999999996,sunny
506,506,1516665600,AS,AS,AS,112,AS,N409AS,112,10299,ANC,"Anchorage, AK",14747,SEA,"Seattle, WA",800,800.0,0.0,26.0,826.0,1229.0,9.0,1235,1238.0,3.0,0,,0,N,215.0,218.0,183.0,1,1448,,,,,,,,,,Anchorage,61.17432,-149.99618999999996,cloudy
507,507,1548633600,AS,AS,AS,80,AS,N290AK,80,10299,ANC,"Anchorage, AK",14747,SEA,"Seattle, WA",1200,1236.0,36.0,14.0,1250.0,1643.0,5.0,1630,1648.0,18.0,0,,0,N,210.0,192.0,173.0,1,1448,18.0,0.0,0.0,0.0,0.0,,,,,Anchorage,61.17432,-149.99618999999996,cloudy
508,508,1550016000,AS,AS,AS,127,AS,N448AS,127,10299,ANC,"Anchorage, AK",11630,FAI,"Fairbanks, AK",605,547.0,-18.0,20.0,607.0,652.0,4.0,710,656.0,-14.0,0,,0,N,65.0,69.0,45.0,1,261,,,,,,,,,,Anchorage,61.17432,-149.99618999999996,sunny
509,509,1518739200,AS,AS,AS,50,AS,N613AS,50,10299,ANC,"Anchorage, AK",14709,SCC,"Deadhorse, AK",1443,1433.0,-10.0,6.0,1439.0,1608.0,4.0,1634,1612.0,-22.0,0,,0,N,111.0,99.0,89.0,1,626,,,,,,,,,,Anchorage,61.17432,-149.99618999999996,cloudy
510,510,1517184000,AS,AS_CODESHARE,AS,2819,QX,N443QX,2819,10299,ANC,"Anchorage, AK",11630,FAI,"Fairbanks, AK",600,554.0,-6.0,7.0,601.0,652.0,3.0,715,655.0,-20.0,0,,0,N,75.0,61.0,51.0,1,261,,,,,,,,,,Anchorage,61.17432,-149.99618999999996,sunny
511,511,1517616000,AS,AS,AS,150,AS,N402AS,150,10299,ANC,"Anchorage, AK",12892,LAX,"Los Angeles, CA",2335,2331.0,-4.0,7.0,2338.0,524.0,5.0,557,529.0,-28.0,0,,0,N,322.0,298.0,286.0,1,2345,,,,,,,,,,Anchorage,61.17432,-149.99618999999996,sunny
512,512,1548460800,AS,AS,AS,62,AS,N526AS,62,10299,ANC,"Anchorage, AK",12523,JNU,"Juneau, AK",810,754.0,-16.0,11.0,805.0,921.0,4.0,950,925.0,-25.0,0,,0,N,100.0,91.0,76.0,1,571,,,,,,,,,,Anchorage,61.17432,-149.99618999999996,sunny
513,513,1547510400,AS,AS,AS,64,AS,N611AS,64,10299,ANC,"Anchorage, AK",12523,JNU,"Juneau, AK",1120,1125.0,5.0,15.0,1140.0,1316.0,3.0,1300,1319.0,19.0,0,,0,N,100.0,114.0,96.0,1,571,0.0,0.0,19.0,0.0,0.0,,,,,Anchorage,61.17432,-149.99618999999996,sunny
514,514,1516320000,AS,AS,AS,80,AS,N607AS,80,10299,ANC,"Anchorage, AK",14747,SEA,"Seattle, WA",1005,1000.0,-5.0,15.0,1015.0,1417.0,7.0,1437,1424.0,-13.0,0,,0,N,212.0,204.0,182.0,1,1448,,,,,,,,,,Anchorage,61.17432,-149.99618999999996,cloudy
515,515,1547942400,AS,AS,AS,108,AS,N274AK,108,10299,ANC,"Anchorage, AK",14747,SEA,"Seattle, WA",35,25.0,-10.0,18.0,43.0,443.0,4.0,510,447.0,-23.0,0,,0,N,215.0,202.0,180.0,1,1448,,,,,,,,,,Anchorage,61.17432,-149.99618999999996,sunny
516,516,1550016000,AS,AS,AS,120,AS,N407AS,120,10299,ANC,"Anchorage, AK",14747,SEA,"Seattle, WA",1555,1550.0,-5.0,15.0,1605.0,2015.0,9.0,2013,2024.0,11.0,0,,0,N,198.0,214.0,190.0,1,1448,,,,,,,,,,Anchorage,61.17432,-149.99618999999996,sunny
517,517,1514851200,AS,AS,AS,49,AS,N613AS,49,10299,ANC,"Anchorage, AK",10170,ADQ,"Kodiak, AK",1508,1502.0,-6.0,7.0,1509.0,1551.0,3.0,1607,1554.0,-13.0,0,,0,N,59.0,52.0,42.0,1,253,,,,,,,,,,Anchorage,61.17432,-149.99618999999996,cloudy
518,518,1515974400,AS,AS,AS,114,AS,N471AS,114,10299,ANC,"Anchorage, AK",14747,SEA,"Seattle, WA",630,615.0,-15.0,23.0,638.0,1106.0,8.0,1105,1114.0,9.0,0,,0,N,215.0,239.0,208.0,1,1448,,,,,,,,,,Anchorage,61.17432,-149.99618999999996,sunny
520,520,1577059200,AS,AS,AS,136,AS,N318AS,136,10299,ANC,"Anchorage, AK",14747,SEA,"Seattle, WA",1755,1854.0,59.0,11.0,1905.0,2304.0,24.0,2225,2328.0,63.0,0,,0,N,210.0,214.0,179.0,1,1448,0.0,0.0,4.0,0.0,59.0,,,,,Anchorage,61.17432,-149.99618999999996,cloudy
521,521,1550966400,AS,AS,AS,49,AS,N618AS,49,10299,ANC,"Anchorage, AK",10170,ADQ,"Kodiak, AK",1515,1525.0,10.0,6.0,1531.0,1614.0,4.0,1615,1618.0,3.0,0,,0,N,60.0,53.0,43.0,1,253,,,,,,,,,,Anchorage,61.17432,-149.99618999999996,sunny
522,522,1515974400,AS,AS,AS,108,AS,N529AS,108,10299,ANC,"Anchorage, AK",14747,SEA,"Seattle, WA",55,41.0,-14.0,20.0,101.0,522.0,4.0,522,526.0,4.0,0,,0,N,207.0,225.0,201.0,1,1448,,,,,,,,,,Anchorage,61.17432,-149.99618999999996,sunny
523,523,1547596800,AS,AS,AS,164,AS,N614AS,164,10299,ANC,"Anchorage, AK",10165,ADK,"Adak Island, AK",1400,1346.0,-14.0,7.0,1353.0,1528.0,5.0,1620,1533.0,-47.0,0,,0,N,200.0,167.0,155.0,1,1192,,,,,,,,,,Anchorage,61.17432,-149.99618999999996,sunny
524,524,1543622400,AS,AS,AS,153,AS,N524AS,153,10299,ANC,"Anchorage, AK",13970,OTZ,"Kotzebue, AK",1615,1616.0,1.0,12.0,1628.0,1745.0,5.0,1753,1750.0,-3.0,0,,0,N,98.0,94.0,77.0,1,548,,,,,,,,,,Anchorage,61.17432,-149.99618999999996,cloudy
525,525,1516320000,AS,AS,AS,43,AS,N615AS,43,10299,ANC,"Anchorage, AK",10551,BET,"Bethel, AK",1015,1008.0,-7.0,8.0,1016.0,1114.0,3.0,1142,1117.0,-25.0,0,,0,N,87.0,69.0,58.0,1,399,,,,,,,,,,Anchorage,61.17432,-149.99618999999996,cloudy
526,526,1548374400,AS,AS,AS,872,AS,N491AS,872,10299,ANC,"Anchorage, AK",12758,KOA,"Kona, HI",1530,1530.0,0.0,14.0,1544.0,2027.0,3.0,2105,2030.0,-35.0,0,,0,N,395.0,360.0,343.0,1,2874,,,,,,,,,,Anchorage,61.17432,-149.99618999999996,cloudy
527,527,1518480000,AS,AS,AS,96,AS,N477AS,96,10299,ANC,"Anchorage, AK",14747,SEA,"Seattle, WA",455,446.0,-9.0,17.0,503.0,850.0,16.0,922,906.0,-16.0,0,,0,N,207.0,200.0,167.0,1,1448,,,,,,,,,,Anchorage,61.17432,-149.99618999999996,rain
528,528,1544140800,AS,AS,AS,167,AS,N644AS,167,10299,ANC,"Anchorage, AK",11630,FAI,"Fairbanks, AK",2300,2259.0,-1.0,9.0,2308.0,2344.0,3.0,2,2347.0,-15.0,0,,0,N,62.0,48.0,36.0,1,261,,,,,,,,,,Anchorage,61.17432,-149.99618999999996,snow
529,529,1545609600,AS,AS,AS,180,AS,N611AS,180,10299,ANC,"Anchorage, AK",12523,JNU,"Juneau, AK",2224,2326.0,62.0,9.0,2335.0,54.0,5.0,5,59.0,54.0,0,,0,N,101.0,93.0,79.0,1,571,0.0,0.0,0.0,0.0,54.0,,,,,Anchorage,61.17432,-149.99618999999996,sunny
531,531,1514937600,AS,AS,AS,43,AS,N644AS,43,10299,ANC,"Anchorage, AK",10551,BET,"Bethel, AK",1015,1010.0,-5.0,40.0,1050.0,1151.0,3.0,1135,1154.0,19.0,0,,0,N,80.0,104.0,61.0,1,399,0.0,0.0,19.0,0.0,0.0,,,,,Anchorage,61.17432,-149.99618999999996,sunny
532,532,1548547200,DL,DL,DL,1901,DL,N3754A,1901,10299,ANC,"Anchorage, AK",14747,SEA,"Seattle, WA",1548,1543.0,-5.0,14.0,1557.0,1946.0,8.0,2015,1954.0,-21.0,0,,0,N,207.0,191.0,169.0,1,1448,,,,,,,,,,Anchorage,61.17432,-149.99618999999996,cloudy
533,533,1549411200,AS,AS,AS,112,AS,N492AS,112,10299,ANC,"Anchorage, AK",14747,SEA,"Seattle, WA",800,754.0,-6.0,15.0,809.0,1201.0,9.0,1223,1210.0,-13.0,0,,0,N,203.0,196.0,172.0,1,1448,,,,,,,,,,Anchorage,61.17432,-149.99618999999996,cloudy
534,534,1548374400,AS,AS,AS,172,AS,N560AS,172,10299,ANC,"Anchorage, AK",14107,PHX,"Phoenix, AZ",2350,2342.0,-8.0,15.0,2357.0,659.0,9.0,725,708.0,-17.0,0,,0,N,335.0,326.0,302.0,1,2552,,,,,,,,,,Anchorage,61.17432,-149.99618999999996,cloudy
535,535,1544140800,DL,DL,DL,2709,DL,N386DA,2709,10299,ANC,"Anchorage, AK",14747,SEA,"Seattle, WA",1542,1531.0,-11.0,17.0,1548.0,2007.0,4.0,2015,2011.0,-4.0,0,,0,N,213.0,220.0,199.0,1,1448,,,,,,,,,,Anchorage,61.17432,-149.99618999999996,cloudy
536,536,1548201600,DL,DL,DL,2597,DL,N697DL,2597,10299,ANC,"Anchorage, AK",13487,MSP,"Minneapolis, MN",2145,2140.0,-5.0,14.0,2154.0,530.0,4.0,604,534.0,-30.0,0,,0,N,319.0,294.0,276.0,1,2519,,,,,,,,,,Anchorage,61.17432,-149.99618999999996,cloudy
537,537,1516060800,AS,AS,AS,98,AS,N477AS,98,10299,ANC,"Anchorage, AK",14747,SEA,"Seattle, WA",600,538.0,-22.0,9.0,547.0,1002.0,12.0,1035,1014.0,-21.0,0,,0,N,215.0,216.0,195.0,1,1448,,,,,,,,,,Anchorage,61.17432,-149.99618999999996,cloudy
538,538,1576886400,AS,AS,AS,140,AS,N282AK,140,10299,ANC,"Anchorage, AK",14057,PDX,"Portland, OR",1600,1552.0,-8.0,13.0,1605.0,2018.0,15.0,2035,2033.0,-2.0,0,,0,N,215.0,221.0,193.0,1,1542,,,,,,,,,,Anchorage,61.17432,-149.99618999999996,cloudy
539,539,1575590400,AS,AS,AS,189,AS,N536AS,189,10299,ANC,"Anchorage, AK",11630,FAI,"Fairbanks, AK",1000,1017.0,17.0,46.0,1103.0,1146.0,3.0,1102,1149.0,47.0,0,,0,N,62.0,92.0,43.0,1,261,17.0,0.0,30.0,0.0,0.0,,,,,Anchorage,61.17432,-149.99618999999996,cloudy
540,540,1518998400,AS,AS_CODESHARE,AS,2803,QX,N443QX,2803,10299,ANC,"Anchorage, AK",11630,FAI,"Fairbanks, AK",1120,1136.0,16.0,8.0,1144.0,1235.0,5.0,1230,1240.0,10.0,0,,0,N,70.0,64.0,51.0,1,261,,,,,,,,,,Anchorage,61.17432,-149.99618999999996,cloudy
541,541,1549238400,AS,AS,AS,50,AS,N615AS,50,10299,ANC,"Anchorage, AK",14709,SCC,"Deadhorse, AK",1455,1703.0,128.0,14.0,1717.0,1841.0,4.0,1645,1845.0,120.0,0,,0,N,110.0,102.0,84.0,1,626,120.0,0.0,0.0,0.0,0.0,,,,,Anchorage,61.17432,-149.99618999999996,cloudy
542,542,1517529600,AS,AS,AS,80,AS,N613AS,80,10299,ANC,"Anchorage, AK",14747,SEA,"Seattle, WA",1005,1001.0,-4.0,6.0,1007.0,1353.0,7.0,1437,1400.0,-37.0,0,,0,N,212.0,179.0,166.0,1,1448,,,,,,,,,,Anchorage,61.17432,-149.99618999999996,cloudy
543,543,1515456000,AS,AS,AS,84,AS,N464AS,84,10299,ANC,"Anchorage, AK",14747,SEA,"Seattle, WA",1620,1612.0,-8.0,9.0,1621.0,2018.0,7.0,2055,2025.0,-30.0,0,,0,N,215.0,193.0,177.0,1,1448,,,,,,,,,,Anchorage,61.17432,-149.99618999999996,cloudy
544,544,1547164800,AS,AS,AS,43,AS,N618AS,43,10299,ANC,"Anchorage, AK",10551,BET,"Bethel, AK",1040,1035.0,-5.0,10.0,1045.0,1150.0,3.0,1200,1153.0,-7.0,0,,0,N,80.0,78.0,65.0,1,399,,,,,,,,,,Anchorage,61.17432,-149.99618999999996,cloudy
545,545,1517961600,AS,AS,AS,106,AS,N523AS,106,10299,ANC,"Anchorage, AK",14747,SEA,"Seattle, WA",2150,2139.0,-11.0,15.0,2154.0,137.0,3.0,219,140.0,-39.0,0,,0,N,209.0,181.0,163.0,1,1448,,,,,,,,,,Anchorage,61.17432,-149.99618999999996,cloudy
546,546,1550880000,AS,AS,AS,106,AS,N558AS,106,10299,ANC,"Anchorage, AK",14747,SEA,"Seattle, WA",2155,2144.0,-11.0,17.0,2201.0,159.0,4.0,213,203.0,-10.0,0,,0,N,198.0,199.0,178.0,1,1448,,,,,,,,,,Anchorage,61.17432,-149.99618999999996,cloudy
547,547,1514937600,AS,AS,AS,94,AS,N477AS,94,10299,ANC,"Anchorage, AK",14747,SEA,"Seattle, WA",1915,1914.0,-1.0,20.0,1934.0,2341.0,7.0,2334,2348.0,14.0,0,,0,N,199.0,214.0,187.0,1,1448,,,,,,,,,,Anchorage,61.17432,-149.99618999999996,cloudy
548,548,1543968000,AS,AS,AS,872,AS,N531AS,872,10299,ANC,"Anchorage, AK",12758,KOA,"Kona, HI",1525,1518.0,-7.0,22.0,1540.0,2108.0,4.0,2050,2112.0,22.0,0,,0,N,385.0,414.0,388.0,1,2874,0.0,0.0,22.0,0.0,0.0,,,,,Anchorage,61.17432,-149.99618999999996,cloudy
549,549,1545868800,AS,AS,AS,49,AS,N619AS,49,10299,ANC,"Anchorage, AK",10170,ADQ,"Kodiak, AK",1512,1503.0,-9.0,20.0,1523.0,1607.0,3.0,1615,1610.0,-5.0,0,,0,N,63.0,67.0,44.0,1,253,,,,,,,,,,Anchorage,61.17432,-149.99618999999996,cloudy
550,550,1515715200,AS,AS,AS,118,AS,N263AK,118,10299,ANC,"Anchorage, AK",14747,SEA,"Seattle, WA",1300,1249.0,-11.0,11.0,1300.0,1659.0,9.0,1725,1708.0,-17.0,0,,0,N,205.0,199.0,179.0,1,1448,,,,,,,,,,Anchorage,61.17432,-149.99618999999996,cloudy
551,551,1546041600,AS,AS,AS,106,AS,N556AS,106,10299,ANC,"Anchorage, AK",14747,SEA,"Seattle, WA",2155,2158.0,3.0,20.0,2218.0,154.0,5.0,223,159.0,-24.0,0,,0,N,208.0,181.0,156.0,1,1448,,,,,,,,,,Anchorage,61.17432,-149.99618999999996,cloudy
552,552,1515974400,AS,AS,AS,900,AS,N306AS,900,10299,ANC,"Anchorage, AK",14747,SEA,"Seattle, WA",2005,1947.0,-18.0,16.0,2003.0,29.0,5.0,37,34.0,-3.0,0,,0,N,212.0,227.0,206.0,1,1448,,,,,,,,,,Anchorage,61.17432,-149.99618999999996,cloudy
553,553,1516924800,AS,AS_CODESHARE,AS,2805,QX,N452QX,2805,10299,ANC,"Anchorage, AK",11630,FAI,"Fairbanks, AK",1310,1258.0,-12.0,7.0,1305.0,1353.0,2.0,1413,1355.0,-18.0,0,,0,N,63.0,57.0,48.0,1,261,,,,,,,,,,Anchorage,61.17432,-149.99618999999996,cloudy
554,554,1550016000,AS,AS,AS,134,AS,N434AS,134,10299,ANC,"Anchorage, AK",14057,PDX,"Portland, OR",45,104.0,19.0,18.0,122.0,513.0,4.0,520,517.0,-3.0,0,,0,N,215.0,193.0,171.0,1,1542,,,,,,,,,,Anchorage,61.17432,-149.99618999999996,cloudy
555,555,1515369600,DL,DL_CODESHARE,DL,3534,OO,N459SW,3534,11977,GRB,"Green Bay, WI",13487,MSP,"Minneapolis, MN",1718,1738.0,20.0,18.0,1756.0,1843.0,9.0,1843,1852.0,9.0,0,,0,N,85.0,74.0,47.0,1,252,,,,,,,,,,Green Bay,44.48507,-88.12959000000002,cloudy
556,556,1543622400,AA,AA_CODESHARE,AA,4186,MQ,N696AE,4186,11977,GRB,"Green Bay, WI",13930,ORD,"Chicago, IL",959,949.0,-10.0,7.0,956.0,1046.0,8.0,1109,1054.0,-15.0,0,,0,N,70.0,65.0,50.0,1,174,,,,,,,,,,Green Bay,44.48507,-88.12959000000002,cloudy
557,557,1547337600,UA,UA_CODESHARE,UA,3813,ZW,N423AW,3813,11977,GRB,"Green Bay, WI",13930,ORD,"Chicago, IL",545,537.0,-8.0,17.0,554.0,637.0,17.0,704,654.0,-10.0,0,,0,N,79.0,77.0,43.0,1,174,,,,,,,,,,Green Bay,44.48507,-88.12959000000002,cloudy
558,558,1518739200,DL,DL_CODESHARE,DL,4464,OO,N8884E,4464,11977,GRB,"Green Bay, WI",13487,MSP,"Minneapolis, MN",1720,1711.0,-9.0,12.0,1723.0,1816.0,5.0,1844,1821.0,-23.0,0,,0,N,84.0,70.0,53.0,1,252,,,,,,,,,,Green Bay,44.48507,-88.12959000000002,cloudy
559,559,1547856000,AA,AA_CODESHARE,AA,3679,MQ,N931AE,3679,11977,GRB,"Green Bay, WI",13930,ORD,"Chicago, IL",1621,,,,,,,1734,,,1,C,0,N,73.0,,,1,174,,,,,,,,,,Green Bay,44.48507,-88.12959000000002,cloudy
560,560,1518566400,AA,AA_CODESHARE,AA,3709,MQ,N931AE,3709,11977,GRB,"Green Bay, WI",13930,ORD,"Chicago, IL",1449,1440.0,-9.0,4.0,1444.0,1526.0,11.0,1559,1537.0,-22.0,0,,0,N,70.0,57.0,42.0,1,173,,,,,,,,,,Green Bay,44.48507,-88.12959000000002,cloudy
561,561,1551225600,AA,AA_CODESHARE,AA,2977,OO,N702SK,2977,11977,GRB,"Green Bay, WI",13930,ORD,"Chicago, IL",1633,1631.0,-2.0,23.0,1654.0,1736.0,17.0,1745,1753.0,8.0,0,,0,N,72.0,82.0,42.0,1,174,,,,,,,,,,Green Bay,44.48507,-88.12959000000002,cloudy
562,562,1544832000,UA,UA_CODESHARE,UA,5258,OO,N926SW,5258,11977,GRB,"Green Bay, WI",13930,ORD,"Chicago, IL",1920,1859.0,-21.0,12.0,1911.0,1951.0,55.0,2030,2046.0,16.0,0,,0,N,70.0,107.0,40.0,1,174,0.0,0.0,16.0,0.0,0.0,,,,,Green Bay,44.48507,-88.12959000000002,cloudy
563,563,1516838400,DL,DL,DL,1683,DL,N967AT,1683,11977,GRB,"Green Bay, WI",13487,MSP,"Minneapolis, MN",625,623.0,-2.0,27.0,650.0,745.0,7.0,746,752.0,6.0,0,,0,N,81.0,89.0,55.0,1,252,,,,,,,,,,Green Bay,44.48507,-88.12959000000002,cloudy
564,564,1549584000,AA,AA_CODESHARE,AA,3679,MQ,N612AE,3679,11977,GRB,"Green Bay, WI",13930,ORD,"Chicago, IL",1621,1709.0,48.0,6.0,1715.0,1759.0,13.0,1734,1812.0,38.0,0,,0,N,73.0,63.0,44.0,1,174,0.0,5.0,0.0,0.0,33.0,,,,,Green Bay,44.48507,-88.12959000000002,cloudy
565,565,1546300800,DL,DL_CODESHARE,DL,3529,OO,N440SW,3529,11977,GRB,"Green Bay, WI",13487,MSP,"Minneapolis, MN",1315,1307.0,-8.0,18.0,1325.0,1416.0,4.0,1439,1420.0,-19.0,0,,0,N,84.0,73.0,51.0,1,252,,,,,,,,,,Green Bay,44.48507,-88.12959000000002,cloudy
566,566,1551312000,UA,UA_CODESHARE,UA,3865,ZW,N410AW,3865,11977,GRB,"Green Bay, WI",13930,ORD,"Chicago, IL",1510,1459.0,-11.0,11.0,1510.0,1553.0,9.0,1626,1602.0,-24.0,0,,0,N,76.0,63.0,43.0,1,174,,,,,,,,,,Green Bay,44.48507,-88.12959000000002,cloudy
567,567,1550966400,DL,DL_CODESHARE,DL,3717,OO,N275SY,3717,11977,GRB,"Green Bay, WI",13487,MSP,"Minneapolis, MN",1145,1149.0,4.0,31.0,1220.0,1304.0,5.0,1303,1309.0,6.0,0,,0,N,78.0,80.0,44.0,1,252,,,,,,,,,,Green Bay,44.48507,-88.12959000000002,cloudy
568,568,1575158400,F9,F9,F9,1231,F9,N307FR,1231,11977,GRB,"Green Bay, WI",13204,MCO,"Orlando, FL",936,1214.0,158.0,50.0,1304.0,1633.0,21.0,1328,1654.0,206.0,0,,0,N,172.0,220.0,149.0,1,1169,105.0,0.0,48.0,0.0,53.0,1022.0,65.0,65.0,,Green Bay,44.48507,-88.12959000000002,cloudy
569,569,1546819200,UA,UA_CODESHARE,UA,3860,ZW,N409AW,3860,11977,GRB,"Green Bay, WI",13930,ORD,"Chicago, IL",1200,1155.0,-5.0,9.0,1204.0,1256.0,19.0,1316,1315.0,-1.0,0,,0,N,76.0,80.0,52.0,1,174,,,,,,,,,,Green Bay,44.48507,-88.12959000000002,cloudy
570,570,1577577600,UA,UA_CODESHARE,UA,4813,ZW,N416AW,4813,11977,GRB,"Green Bay, WI",13930,ORD,"Chicago, IL",1200,1153.0,-7.0,8.0,1201.0,1247.0,14.0,1322,1301.0,-21.0,0,,0,N,82.0,68.0,46.0,1,174,,,,,,,,,,Green Bay,44.48507,-88.12959000000002,cloudy
571,571,1545523200,UA,UA_CODESHARE,UA,3858,ZW,N442AW,3858,11977,GRB,"Green Bay, WI",13930,ORD,"Chicago, IL",930,938.0,8.0,29.0,1007.0,1055.0,11.0,1045,1106.0,21.0,0,,0,N,75.0,88.0,48.0,1,174,0.0,2.0,13.0,0.0,6.0,,,,,Green Bay,44.48507,-88.12959000000002,cloudy
572,572,1576454400,UA,UA_CODESHARE,UA,3683,YX,N656RW,3683,11977,GRB,"Green Bay, WI",13930,ORD,"Chicago, IL",1200,1222.0,22.0,13.0,1235.0,1319.0,17.0,1317,1336.0,19.0,0,,0,N,77.0,74.0,44.0,1,174,9.0,0.0,0.0,0.0,10.0,,,,,Green Bay,44.48507,-88.12959000000002,cloudy
573,573,1548115200,UA,UA_CODESHARE,UA,3848,ZW,,3848,11977,GRB,"Green Bay, WI",13930,ORD,"Chicago, IL",1715,,,,,,,1829,,,1,C,0,N,74.0,,,1,174,,,,,,,,,,Green Bay,44.48507,-88.12959000000002,cloudy
574,574,1515196800,DL,DL,DL,1683,DL,N954AT,1683,11977,GRB,"Green Bay, WI",13487,MSP,"Minneapolis, MN",625,619.0,-6.0,27.0,646.0,733.0,7.0,746,740.0,-6.0,0,,0,N,81.0,81.0,47.0,1,252,,,,,,,,,,Green Bay,44.48507,-88.12959000000002,cloudy
575,575,1548720000,DL,DL_CODESHARE,DL,4007,OO,N822SK,4007,11977,GRB,"Green Bay, WI",11433,DTW,"Detroit, MI",640,632.0,-8.0,52.0,724.0,913.0,7.0,907,920.0,13.0,0,,0,N,87.0,108.0,49.0,1,287,,,,,,,,,,Green Bay,44.48507,-88.12959000000002,cloudy
576,576,1543881600,UA,UA_CODESHARE,UA,3865,ZW,N456ZW,3865,11977,GRB,"Green Bay, WI",13930,ORD,"Chicago, IL",1520,1512.0,-8.0,12.0,1524.0,1604.0,24.0,1629,1628.0,-1.0,0,,0,N,69.0,76.0,40.0,1,174,,,,,,,,,,Green Bay,44.48507,-88.12959000000002,cloudy
577,577,1516147200,UA,UA_CODESHARE,UA,5350,OO,N916SW,5350,11977,GRB,"Green Bay, WI",13930,ORD,"Chicago, IL",1355,1346.0,-9.0,15.0,1401.0,1439.0,8.0,1505,1447.0,-18.0,0,,0,N,70.0,61.0,38.0,1,173,,,,,,,,,,Green Bay,44.48507,-88.12959000000002,cloudy
578,578,1576195200,DL,DL_CODESHARE,DL,3903,OO,N468CA,3903,11977,GRB,"Green Bay, WI",11433,DTW,"Detroit, MI",1030,1024.0,-6.0,12.0,1036.0,1223.0,8.0,1258,1231.0,-27.0,0,,0,N,88.0,67.0,47.0,1,287,,,,,,,,,,Green Bay,44.48507,-88.12959000000002,cloudy
579,579,1544054400,DL,DL_CODESHARE,DL,3728,OO,N809SK,3728,11977,GRB,"Green Bay, WI",11433,DTW,"Detroit, MI",1703,1652.0,-11.0,12.0,1704.0,1854.0,13.0,1928,1907.0,-21.0,0,,0,N,85.0,75.0,50.0,1,287,,,,,,,,,,Green Bay,44.48507,-88.12959000000002,cloudy
580,580,1544918400,DL,DL_CODESHARE,DL,3712,OO,N824SK,3712,11977,GRB,"Green Bay, WI",11433,DTW,"Detroit, MI",1121,1112.0,-9.0,12.0,1124.0,1309.0,15.0,1345,1324.0,-21.0,0,,0,N,84.0,72.0,45.0,1,287,,,,,,,,,,Green Bay,44.48507,-88.12959000000002,cloudy
581,581,1518998400,DL,DL_CODESHARE,DL,4288,OO,N496CA,4288,11577,ERI,"Erie, PA",11433,DTW,"Detroit, MI",1803,1807.0,4.0,36.0,1843.0,1933.0,9.0,1925,1942.0,17.0,0,,0,N,82.0,95.0,50.0,1,164,4.0,0.0,13.0,0.0,0.0,,,,,Erie,42.08202,-80.17622,cloudy
582,582,1546387200,AA,AA_CODESHARE,AA,4782,PT,N686AE,4782,11577,ERI,"Erie, PA",14100,PHL,"Philadelphia, PA",644,644.0,0.0,22.0,706.0,754.0,6.0,810,800.0,-10.0,0,,0,N,86.0,76.0,48.0,1,300,,,,,,,,,,Erie,42.08202,-80.17622,cloudy
583,583,1548460800,UA,UA_CODESHARE,UA,3773,ZW,N452AW,3773,11577,ERI,"Erie, PA",13930,ORD,"Chicago, IL",600,559.0,-1.0,23.0,622.0,718.0,6.0,659,724.0,25.0,0,,0,N,119.0,145.0,116.0,1,398,0.0,0.0,25.0,0.0,0.0,,,,,Erie,42.08202,-80.17622,cloudy
584,584,1575331200,DL,DL_CODESHARE,DL,3629,OO,N445SW,3629,11577,ERI,"Erie, PA",11433,DTW,"Detroit, MI",1159,1152.0,-7.0,17.0,1209.0,1244.0,6.0,1313,1250.0,-23.0,0,,0,N,74.0,58.0,35.0,1,164,,,,,,,,,,Erie,42.08202,-80.17622,cloudy
585,585,1544227200,UA,UA_CODESHARE,UA,3773,ZW,N425AW,3773,11577,ERI,"Erie, PA",13930,ORD,"Chicago, IL",600,552.0,-8.0,24.0,616.0,627.0,25.0,649,652.0,3.0,0,,0,N,109.0,120.0,71.0,1,398,,,,,,,,,,Erie,42.08202,-80.17622,cloudy
586,586,1518652800,UA,UA_CODESHARE,UA,3773,ZW,N416AW,3773,11577,ERI,"Erie, PA",13930,ORD,"Chicago, IL",615,608.0,-7.0,15.0,623.0,641.0,16.0,705,657.0,-8.0,0,,0,N,110.0,109.0,78.0,1,398,,,,,,,,,,Erie,42.08202,-80.17622,cloudy
587,587,1548547200,UA,UA_CODESHARE,UA,4851,ZW,N437AW,4851,11577,ERI,"Erie, PA",13930,ORD,"Chicago, IL",1745,1842.0,57.0,11.0,1853.0,1910.0,22.0,1844,1932.0,48.0,0,,0,N,119.0,110.0,77.0,1,398,0.0,0.0,5.0,0.0,43.0,,,,,Erie,42.08202,-80.17622,cloudy
588,588,1518134400,UA,UA_CODESHARE,UA,3799,ZW,N467AW,3799,11577,ERI,"Erie, PA",13930,ORD,"Chicago, IL",1745,1933.0,108.0,26.0,1959.0,2021.0,15.0,1835,2036.0,121.0,0,,0,N,110.0,123.0,82.0,1,398,0.0,0.0,121.0,0.0,0.0,,,,,Erie,42.08202,-80.17622,cloudy
589,589,1518998400,DL,DL_CODESHARE,DL,4285,OO,N463SW,4285,11577,ERI,"Erie, PA",11433,DTW,"Detroit, MI",615,605.0,-10.0,15.0,620.0,658.0,9.0,737,707.0,-30.0,0,,0,N,82.0,62.0,38.0,1,164,,,,,,,,,,Erie,42.08202,-80.17622,cloudy
590,590,1548720000,AA,AA_CODESHARE,AA,4872,PT,N659AE,4872,11577,ERI,"Erie, PA",14100,PHL,"Philadelphia, PA",1802,1750.0,-12.0,9.0,1759.0,1901.0,4.0,1929,1905.0,-24.0,0,,0,N,87.0,75.0,62.0,1,300,,,,,,,,,,Erie,42.08202,-80.17622,cloudy
591,591,1543881600,AA,AA_CODESHARE,AA,4872,PT,N672AE,4872,11577,ERI,"Erie, PA",14100,PHL,"Philadelphia, PA",1801,1755.0,-6.0,7.0,1802.0,1858.0,9.0,1930,1907.0,-23.0,0,,0,N,89.0,72.0,56.0,1,300,,,,,,,,,,Erie,42.08202,-80.17622,cloudy
592,592,1576886400,DL,DL_CODESHARE,DL,3920,OO,N889AS,3920,11577,ERI,"Erie, PA",11433,DTW,"Detroit, MI",629,617.0,-12.0,9.0,626.0,700.0,6.0,750,706.0,-44.0,0,,0,N,81.0,49.0,34.0,1,164,,,,,,,,,,Erie,42.08202,-80.17622,cloudy
